"_id";correspond;second
5cdf01fe45d3d811cf7722b4;C;murni
5cdf01fe45d3d811cf7722b5;C;kudus
5cdf01fe45d3d811cf7722b6;C;suci
5cdf01fe45d3d811cf7722b7;C;pasti
5cdf01fe45d3d811cf7722b8;C;eksplisit
5cdf01fe45d3d811cf7722b9;C;jelas
5cdf01fe45d3d811cf7722ba;C;jernih
5cdf01fe45d3d811cf7722bb;C;cerah
5cdf01fe45d3d811cf7722bc;C;bersinar
5cdf01fe45d3d811cf7722bd;C;kemas
5cdf01fe45d3d811cf7722be;C;normal
5cdf01fe45d3d811cf7722bf;C;tertata
5cdf01fe45d3d811cf7722c0;C;teratur
5cdf01fe45d3d811cf7722c1;C;simpan
5cdf01fe45d3d811cf7722c2;C;siap
5cdf01fe45d3d811cf7722c3;C;putus
5cdf01fe45d3d811cf7722c4;C;selesai
5cdf01fe45d3d811cf7722c5;C;autentik
5cdf01fe45d3d811cf7722c6;C;asli
5cdf01fe45d3d811cf7722c7;C;tulen
5cdf01fe45d3d811cf7722c8;C;jujur
5cdf01fe45d3d811cf7722c9;C;terencana
5cdf01fe45d3d811cf7722ca;C;terarah
5cdf01fe45d3d811cf7722cb;C;kebal
5cdf01fe45d3d811cf7722cc;C;buram
5cdf01fe45d3d811cf7722cd;C;imun
5cdf01fe45d3d811cf7722ce;C;riang
5cdf01fe45d3d811cf7722cf;C;senang
5cdf01fe45d3d811cf7722d0;C;nyaring
5cdf01fe45d3d811cf7722d1;C;sistematis
5cdf01fe45d3d811cf7722d2;C;mendalam
5cdf01fe45d3d811cf7722d3;C;bersistem
5cdf01fe45d3d811cf7722d4;C;terorganisasi
5cdf01fe45d3d811cf7722d5;C;skematis
5cdf01fe45d3d811cf7722d6;C;drastis
5cdf01fe45d3d811cf7722d7;C;intens
5cdf01fe45d3d811cf7722d8;C;lancip
5cdf01fe45d3d811cf7722d9;C;inteligen
5cdf01fe45d3d811cf7722da;C;cerdas
5cdf01fe45d3d811cf7722db;C;cendekia
5cdf01fe45d3d811cf7722dc;C;lihai
5cdf01fe45d3d811cf7722dd;C;bersanding
5cdf01fe45d3d811cf7722de;C;intelek
5cdf01fe45d3d811cf7722df;C;cemerlang
5cdf01fe45d3d811cf7722e0;C;terang akal
5cdf01fe45d3d811cf7722e1;C;pedas
5cdf01fe45d3d811cf7722e2;C;kontras
5cdf01fe45d3d811cf7722e3;C;encer
5cdf01fe45d3d811cf7722e4;C;penelitian
5cdf01fe45d3d811cf7722e5;C;pengusutan
5cdf01fe45d3d811cf7722e6;C;penyidikan
5cdf01fe45d3d811cf7722e7;C;pendalaman
5cdf01fe45d3d811cf7722e8;C;interogasi
5cdf01fe45d3d811cf7722e9;C;eksplorasi
5cdf01fe45d3d811cf7722ea;C;penggalian
5cdf01fe45d3d811cf7722eb;C;penyelidikan
5cdf01fe45d3d811cf7722ec;C;bermutu
5cdf01fe45d3d811cf7722ed;C;intern
5cdf01fe45d3d811cf7722ee;C;internal
5cdf01fe45d3d811cf7722ef;C;berkualitas
5cdf01fe45d3d811cf7722f0;C;paham
5cdf01fe45d3d811cf7722f1;C;berarti maksud
5cdf01fe45d3d811cf7722f2;C;serius
5cdf01fe45d3d811cf7722f3;C;lanjut
5cdf01fe45d3d811cf7722f4;C;berbobot
5cdf01fe45d3d811cf7722f5;C;terperinci
5cdf01fe45d3d811cf7722f6;C;intensif
5cdf01fe45d3d811cf7722f7;C;dekat
5cdf01fe45d3d811cf7722f8;C;benar-benar
5cdf01fe45d3d811cf7722f9;C;valid
5cdf01fe45d3d811cf7722fa;C;ketemu akal
5cdf01fe45d3d811cf7722fb;C;masuk akal
5cdf01fe45d3d811cf7722fc;C;licin
5cdf01fe45d3d811cf7722fd;C;lumat
5cdf01fe45d3d811cf7722fe;C;cerdik
5cdf01fe45d3d811cf7722ff;C;terjalin
5cdf01fe45d3d811cf772300;C;apik
5cdf01fe45d3d811cf772301;C;berpola
5cdf01fe45d3d811cf772302;C;teragendakan
5cdf01fe45d3d811cf772303;C;bersusun
5cdf01fe45d3d811cf772304;C;terjadwal
5cdf01fe45d3d811cf772305;C;terancang
5cdf01fe45d3d811cf772306;C;beraturan
5cdf01fe45d3d811cf772307;C;kilat
5cdf01fe45d3d811cf772308;C;bonafide
5cdf01fe45d3d811cf772309;C;amblas
5cdf01fe45d3d811cf77230a;C;binasa
5cdf01fe45d3d811cf77230b;C;jati
5cdf01fe45d3d811cf77230c;C;baik-baik
5cdf01fe45d3d811cf77230d;C;sejati
5cdf01fe45d3d811cf77230e;C;orisinal
5cdf01fe45d3d811cf77230f;C;pribumi
5cdf01fe45d3d811cf772310;C;sepi
5cdf01fe45d3d811cf772311;C;persis
5cdf01fe45d3d811cf772312;C;piawai
5cdf01fe45d3d811cf772313;C;cocok
5cdf01fe45d3d811cf772314;C;adil
5cdf01fe45d3d811cf772315;C;betulan
5cdf01fe45d3d811cf772316;C;tulus ikhlas
5cdf01fe45d3d811cf772317;C;mandul
5cdf01fe45d3d811cf772318;C;subur
5cdf01fe45d3d811cf772319;C;antiseptik
5cdf01fe45d3d811cf77231a;C;impoten
5cdf01fe45d3d811cf77231b;C;hanyut
5cdf01fe45d3d811cf77231c;C;garis
5cdf01fe45d3d811cf77231d;C;berakal
5cdf01fe45d3d811cf77231e;C;retak
5cdf01fe45d3d811cf77231f;C;benderang
5cdf01fe45d3d811cf772320;C;bubar
5cdf01fe45d3d811cf772321;C;kosong
5cdf01fe45d3d811cf772322;C;rugi
5cdf01fe45d3d811cf772323;C;usai
5cdf01fe45d3d811cf772324;C;tandus
5cdf01fe45d3d811cf772325;C;berhenti
5cdf01fe45d3d811cf772326;C;tumpas
5cdf01fe45d3d811cf772327;C;jatuh
5cdf01fe45d3d811cf772328;C;final
5cdf01fe45d3d811cf772329;C;suntuk
5cdf01fe45d3d811cf77232a;C;lewat
5cdf01fe45d3d811cf77232b;C;lenyap
5cdf01fe45d3d811cf77232c;C;terus terang
5cdf01fe45d3d811cf77232d;C;lempeng hati
5cdf01fe45d3d811cf77232e;C;bulat hati
5cdf01fe45d3d811cf77232f;C;validitas
5cdf01fe45d3d811cf772330;C;blak-blakan
5cdf01fe45d3d811cf772331;C;sidang
5cdf01fe45d3d811cf772332;C;dewan
5cdf01fe45d3d811cf772333;C;indah
5cdf01fe45d3d811cf772334;C;cantik
5cdf01fe45d3d811cf772335;C;artistik
5cdf01fe45d3d811cf772336;C;forum
5cdf01fe45d3d811cf772337;C;rapat
5cdf01fe45d3d811cf772338;C;bersedia
5cdf01fe45d3d811cf772339;C;berkilauan
5cdf01fe45d3d811cf77233a;C;gilang-gemilang
5cdf01fe45d3d811cf77233b;C;berkilat
5cdf01fe45d3d811cf77233c;C;gemerlap
5cdf01fe45d3d811cf77233d;C;pintar
5cdf01fe45d3d811cf77233e;C;seminar
5cdf01fe45d3d811cf77233f;C;pandai
5cdf01fe45d3d811cf772340;C;genius
5cdf01fe45d3d811cf772341;C;berbinar-binar
5cdf01fe45d3d811cf772342;C;pisah
5cdf01fe45d3d811cf772343;C;cerai
5cdf01fe45d3d811cf772344;C;bercerai
5cdf01fe45d3d811cf772345;C;buntung
5cdf01fe45d3d811cf772346;C;hemat
5cdf01fe45d3d811cf772347;C;telaten
5cdf01fe45d3d811cf772348;C;korek
5cdf01fe45d3d811cf772349;C;awas
5cdf01fe45d3d811cf77234a;C;siasat
5cdf01fe45d3d811cf77234b;C;ekonomis
5cdf01fe45d3d811cf77234c;C;teliti
5cdf01fe45d3d811cf77234d;C;hati-hati
5cdf01fe45d3d811cf77234e;C;ketat
5cdf01fe45d3d811cf77234f;C;eksak
5cdf01fe45d3d811cf772350;C;akurat
5cdf01fe45d3d811cf772351;C;pemandian
5cdf01fe45d3d811cf772352;C;toilet
5cdf01fe45d3d811cf772353;C;siaga
5cdf01fe45d3d811cf772354;C;menggelap
5cdf01fe45d3d811cf772355;C;lulus
5cdf01fe45d3d811cf772356;C;musnah
5cdf01fe45d3d811cf772357;C;terbang
5cdf01fe45d3d811cf772358;C;menguap
5cdf01fe45d3d811cf772359;C;lucut
5cdf01fe45d3d811cf77235a;C;lelap
5cdf01fe45d3d811cf77235b;C;gampang
5cdf01fe45d3d811cf77235c;C;bengkok
5cdf01fe45d3d811cf77235d;C;licik
5cdf01fe45d3d811cf77235e;C;culas
5cdf01fe45d3d811cf77235f;C;curang
5cdf01fe45d3d811cf772360;C;deras
5cdf01fe45d3d811cf772361;C;lancar
5cdf01fe45d3d811cf772362;C;tajam pikiran
5cdf01fe45d3d811cf772363;C;pandai bicara
5cdf01fe45d3d811cf772364;C;pantas mulut
5cdf01fe45d3d811cf772365;C;berpikiran
5cdf01fe45d3d811cf772366;C;berpengetahuan
5cdf01fe45d3d811cf772367;C;terpelajar
5cdf01fe45d3d811cf772368;C;tajam mata
5cdf01fe45d3d811cf772369;C;selidik
5cdf01fe45d3d811cf77236a;C;ingat-ingat
5cdf01fe45d3d811cf77236b;C;perdata
5cdf01fe45d3d811cf77236c;C;tahu etiket
5cdf01fe45d3d811cf77236d;C;berpaham
5cdf01fe45d3d811cf77236e;C;cendekiawan
5cdf01fe45d3d811cf77236f;C;bernalar
5cdf01fe45d3d811cf772370;C;intelektual
5cdf01fe45d3d811cf772371;C;berdaya
5cdf01fe45d3d811cf772372;C;berbenak
5cdf01fe45d3d811cf772373;C;ampuh
5cdf01fe45d3d811cf772374;C;digdaya
5cdf01fe45d3d811cf772375;C;otak encer
5cdf01fe45d3d811cf772376;C;banyak akal
5cdf01fe45d3d811cf772377;C;mengerti
5cdf01fe45d3d811cf772378;C;beropini
5cdf01fe45d3d811cf772379;C;berpendapat
5cdf01fe45d3d811cf77237a;C;berpandangan
5cdf01fe45d3d811cf77237b;C;berpendirian
5cdf01fe45d3d811cf77237c;C;berideologi
5cdf01fe45d3d811cf77237d;C;beranggapan
5cdf01fe45d3d811cf77237e;C;berprinsip
5cdf01fe45d3d811cf77237f;C;berasumsi
5cdf01fe45d3d811cf772380;C;cungkil
5cdf01fe45d3d811cf772381;C;gorek
5cdf01fe45d3d811cf772382;C;geretan
5cdf01fe45d3d811cf772383;C;gerek
5cdf01fe45d3d811cf772384;C;jitu
5cdf01fe45d3d811cf772385;C;taktik
5cdf01fe45d3d811cf772386;C;kecaman
5cdf01fe45d3d811cf772387;C;teguran
5cdf01fe45d3d811cf772388;C;hukuman
5cdf01fe45d3d811cf772389;C;diplomasi
5cdf01fe45d3d811cf77238a;C;periksa
5cdf01fe45d3d811cf77238b;C;kritik
5cdf01fe45d3d811cf77238c;C;tipu muslihat
5cdf01fe45d3d811cf77238d;C;metode
5cdf01fe45d3d811cf77238e;C;efisien
5cdf01fe45d3d811cf77238f;C;berwaspada
5cdf01fe45d3d811cf772390;C;berjaga-jaga
5cdf01fe45d3d811cf772391;C;selektif
5cdf01fe45d3d811cf772392;C;lekat
5cdf01fe45d3d811cf772393;C;kalkulasi
5cdf01fe45d3d811cf772394;C;daftar
5cdf01fe45d3d811cf772395;C;carik
5cdf01fe45d3d811cf772396;C;sobekan
5cdf01fe45d3d811cf772397;C;pernik
5cdf01fe45d3d811cf772398;C;cabik
5cdf01fe45d3d811cf772399;C;rusak
5cdf01fe45d3d811cf77239a;C;deskripsi
5cdf01fe45d3d811cf77239b;C;kupasan
5cdf01fe45d3d811cf77239c;C;jabaran
5cdf01fe45d3d811cf77239d;C;pembicaraan
5cdf01fe45d3d811cf77239e;C;elaborasi
5cdf01fe45d3d811cf77239f;C;bahasan
5cdf01fe45d3d811cf7723a0;C;gambaran
5cdf01fe45d3d811cf7723a1;C;definisi
5cdf01fe45d3d811cf7723a2;C;tafsir
5cdf01fe45d3d811cf7723a3;C;paparan
5cdf01fe45d3d811cf7723a4;C;klarifikasi
5cdf01fe45d3d811cf7723a5;C;laporan
5cdf01fe45d3d811cf7723a6;C;berhasil
5cdf01fe45d3d811cf7723a7;C;bertepat guna
5cdf01fe45d3d811cf7723a8;C;konklusif
5cdf01fe45d3d811cf7723a9;C;sehat
5cdf01fe45d3d811cf7723aa;C;membangun
5cdf01fe45d3d811cf7723ab;C;berfaedah
5cdf01fe45d3d811cf7723ac;C;bermanfaat
5cdf01fe45d3d811cf7723ad;C;berkekuatan
5cdf01fe45d3d811cf7723ae;C;berguna
5cdf01fe45d3d811cf7723af;C;sukses
5cdf01fe45d3d811cf7723b0;C;berjaya
5cdf01fe45d3d811cf7723b1;C;tercapai
5cdf01fe45d3d811cf7723b2;C;berbuah
5cdf01fe45d3d811cf7723b3;C;bertelur
5cdf01fe45d3d811cf7723b4;C;bilas
5cdf01fe45d3d811cf7723b5;C;banjir
5cdf01fe45d3d811cf7723b6;C;bahari
5cdf01fe45d3d811cf7723b7;C;asian
5cdf01fe45d3d811cf7723b8;C;menguntungkan
5cdf01fe45d3d811cf7723b9;C;sepatutnya
5cdf01fe45d3d811cf7723ba;C;tampan
5cdf01fe45d3d811cf7723bb;C;kebaikan
5cdf01fe45d3d811cf7723bc;C;sembuh
5cdf01fe45d3d811cf7723bd;C;produktif
5cdf01fe45d3d811cf7723be;C;oke
5cdf01fe45d3d811cf7723bf;C;setuju
5cdf01fe45d3d811cf7723c0;C;konstruktif
5cdf01fe45d3d811cf7723c1;C;waras
5cdf01fe45d3d811cf7723c2;C;selamat
5cdf01fe45d3d811cf7723c3;C;realistis
5cdf01fe45d3d811cf7723c4;C;kesaksian
5cdf01fe45d3d811cf7723c5;C;alibi
5cdf01fe45d3d811cf7723c6;C;bukti
5cdf01fe45d3d811cf7723c7;C;petunjuk
5cdf01fe45d3d811cf7723c8;C;autentisitas
5cdf01fe45d3d811cf7723c9;C;aktualitas
5cdf01fe45d3d811cf7723ca;C;realitas
5cdf01fe45d3d811cf7723cb;C;kebetulan
5cdf01fe45d3d811cf7723cc;C;ijazah
5cdf01fe45d3d811cf7723cd;C;kesahihan
5cdf01fe45d3d811cf7723ce;C;izin
5cdf01fe45d3d811cf7723cf;C;persetujuan
5cdf01fe45d3d811cf7723d0;C;isyarat
5cdf01fe45d3d811cf7723d1;C;sinyal
5cdf01fe45d3d811cf7723d2;C;fenomena
5cdf01fe45d3d811cf7723d3;C;pertanda
5cdf01fe45d3d811cf7723d4;C;simtom
5cdf01fe45d3d811cf7723d5;C;kenyataan
5cdf01fe45d3d811cf7723d6;C;gelagat
5cdf01fe45d3d811cf7723d7;C;tanda-tanda
5cdf01fe45d3d811cf7723d8;C;indikasi
5cdf01fe45d3d811cf7723d9;C;bumbu
5cdf01fe45d3d811cf7723da;C;pelajaran
5cdf01fe45d3d811cf7723db;C;keterangan
5cdf01fe45d3d811cf7723dc;C;materi
5cdf01fe45d3d811cf7723dd;C;objek
5cdf01fe45d3d811cf7723de;C;barang
5cdf01fe45d3d811cf7723df;C;informasi
5cdf01fe45d3d811cf7723e0;C;masukan
5cdf01fe45d3d811cf7723e1;C;target
5cdf01fe45d3d811cf7723e2;C;sasaran
5cdf01fe45d3d811cf7723e3;C;argumen
5cdf01fe45d3d811cf7723e4;C;liputan
5cdf01fe45d3d811cf7723e5;C;penerangan
5cdf01fe45d3d811cf7723e6;C;kabar
5cdf01fe45d3d811cf7723e7;C;pemberitahuan
5cdf01fe45d3d811cf7723e8;C;penjelasan
5cdf01fe45d3d811cf7723e9;C;warta
5cdf01fe45d3d811cf7723ea;C;edaran
5cdf01fe45d3d811cf7723eb;C;hipotesis
5cdf01fe45d3d811cf7723ec;C;kaidah
5cdf01fe45d3d811cf7723ed;C;aksioma
5cdf01fe45d3d811cf7723ee;C;penunjukan
5cdf01fe45d3d811cf7723ef;C;doktrin
5cdf01fe45d3d811cf7723f0;C;rumusan
5cdf01fe45d3d811cf7723f1;C;arahan
5cdf01fe45d3d811cf7723f2;C;fatwa
5cdf01fe45d3d811cf7723f3;C;penanda
5cdf01fe45d3d811cf7723f4;C;pertunjuk
5cdf01fe45d3d811cf7723f5;C;kompas
5cdf01fe45d3d811cf7723f6;C;petanda
5cdf01fe45d3d811cf7723f7;C;sasana
5cdf01fe45d3d811cf7723f8;C;instruksi
5cdf01fe45d3d811cf7723f9;C;bimbingan
5cdf01fe45d3d811cf7723fa;C;atribut
5cdf01fe45d3d811cf7723fb;C;pemimpin
5cdf01fe45d3d811cf7723fc;C;aba-aba
5cdf01fe45d3d811cf7723fd;C;biodata
5cdf01fe45d3d811cf7723fe;C;deklarasi
5cdf01fe45d3d811cf7723ff;C;memori
5cdf01fe45d3d811cf772400;C;realisasi
5cdf01fe45d3d811cf772401;C;terbukti
5cdf01fe45d3d811cf772402;C;kejadian
5cdf01fe45d3d811cf772403;C;wujud
5cdf01fe45d3d811cf772404;C;kehakikian
5cdf01fe45d3d811cf772405;C;statistik
5cdf01fe45d3d811cf772406;C;evidensi
5cdf01fe45d3d811cf772407;C;pertimbangan
5cdf01fe45d3d811cf772408;C;argumentasi
5cdf01fe45d3d811cf772409;C;latar belakang
5cdf01fe45d3d811cf77240a;C;pasal
5cdf01fe45d3d811cf77240b;C;faktor
5cdf01fe45d3d811cf77240c;C;kilah
5cdf01fe45d3d811cf77240d;C;akuisisi
5cdf01fe45d3d811cf77240e;C;kesempurnaan
5cdf01fe45d3d811cf77240f;C;pengenal
5cdf01fe45d3d811cf772410;C;aspek
5cdf01fe45d3d811cf772411;C;sein
5cdf01fe45d3d811cf772412;C;semboyan
5cdf01fe45d3d811cf772413;C;ikon
5cdf01fe45d3d811cf772414;C;kejuruan
5cdf01fe45d3d811cf772415;C;dunia
5cdf01fe45d3d811cf772416;C;disiplin
5cdf01fe45d3d811cf772417;C;jurusan
5cdf01fe45d3d811cf772418;C;keterampilan
5cdf01fe45d3d811cf772419;C;bidang
5cdf01fe45d3d811cf77241a;C;kemahiran
5cdf01fe45d3d811cf77241b;C;petak
5cdf01fe45d3d811cf77241c;C;lebar
5cdf01fe45d3d811cf77241d;C;bagian
5cdf01fe45d3d811cf77241e;C;piring
5cdf01fe45d3d811cf77241f;C;lapangan
5cdf01fe45d3d811cf772420;C;lingkungan
5cdf01fe45d3d811cf772421;C;segi
5cdf01fe45d3d811cf772422;C;sains
5cdf01fe45d3d811cf772423;C;kepandaian
5cdf01fe45d3d811cf772424;C;globe
5cdf01fe45d3d811cf772425;C;kalangan
5cdf01fe45d3d811cf772426;C;benua
5cdf01fe45d3d811cf772427;C;kosmos
5cdf01fe45d3d811cf772428;C;kolong langit
5cdf01fe45d3d811cf772429;C;jagat
5cdf01fe45d3d811cf77242a;C;semesta
5cdf01fe45d3d811cf77242b;C;kepatuhan
5cdf01fe45d3d811cf77242c;C;ketaatan
5cdf01fe45d3d811cf77242d;C;kekhususan
5cdf01fe45d3d811cf77242e;C;ketertiban
5cdf01fe45d3d811cf77242f;C;spesialisasi
5cdf01fe45d3d811cf772430;C;tata tertib
5cdf01fe45d3d811cf772431;C;akurasi
5cdf01fe45d3d811cf772432;C;kecermatan
5cdf01fe45d3d811cf772433;C;kehati-hatian
5cdf01fe45d3d811cf772434;C;ketelitian
5cdf01fe45d3d811cf772435;C;kewaspadaan
5cdf01fe45d3d811cf772436;C;kedayagunaan
5cdf01fe45d3d811cf772437;C;kemampuan
5cdf01fe45d3d811cf772438;C;ketepatgunaan
5cdf01fe45d3d811cf772439;C;monopoli
5cdf01fe45d3d811cf77243a;C;jangkauan
5cdf01fe45d3d811cf77243b;C;pemilikan
5cdf01fe45d3d811cf77243c;C;kecakapan
5cdf01fe45d3d811cf77243d;C;kecerdasan
5cdf01fe45d3d811cf77243e;C;kelihaian
5cdf01fe45d3d811cf77243f;C;kecerdikan
5cdf01fe45d3d811cf772440;C;kecendekiaan
5cdf01fe45d3d811cf772441;C;kiat
5cdf01fe45d3d811cf772442;C;resep
5cdf01fe45d3d811cf772443;C;kapabilitas
5cdf01fe45d3d811cf772444;C;kebolehan
5cdf01fe45d3d811cf772445;C;kualifikasi
5cdf01fe45d3d811cf772446;C;ketajaman
5cdf01fe45d3d811cf772447;C;kapasitas
5cdf01fe45d3d811cf772448;C;kunci
5cdf01fe45d3d811cf772449;C;kesanggupan
5cdf01fe45d3d811cf77244a;C;potensi
5cdf01fe45d3d811cf77244b;C;tingkat
5cdf01fe45d3d811cf77244c;C;peringkat
5cdf01fe45d3d811cf77244d;C;pangkat
5cdf01fe45d3d811cf77244e;C;tahap
5cdf01fe45d3d811cf77244f;C;level
5cdf01fe45d3d811cf772450;C;tingkatan
5cdf01fe45d3d811cf772451;C;taksiran
5cdf01fe45d3d811cf772452;C;keperluan
5cdf01fe45d3d811cf772453;C;gerakan
5cdf01fe45d3d811cf772454;C;identitas
5cdf01fe45d3d811cf772455;C;keistimewaan
5cdf01fe45d3d811cf772456;C;individualitas
5cdf01fe45d3d811cf772457;C;fitur
5cdf01fe45d3d811cf772458;C;isi kepala
5cdf01fe45d3d811cf772459;C;sumsum
5cdf01fe45d3d811cf77245a;C;kredibel
5cdf01fe45d3d811cf77245b;C;kompetitif
5cdf01fe45d3d811cf77245c;C;rasional
5cdf01fe45d3d811cf77245d;C;berontak
5cdf01fe45d3d811cf77245e;C;berhadapan
5cdf01fe45d3d811cf77245f;C;melayani
5cdf01fe45d3d811cf772460;C;cegah
5cdf01fe45d3d811cf772461;C;menyalahi
5cdf01fe45d3d811cf772462;C;menyanggah
5cdf01fe45d3d811cf772463;C;basmi
5cdf01fe45d3d811cf772464;C;menghilangkan
5cdf01fe45d3d811cf772465;C;mencegah
5cdf01fe45d3d811cf772466;C;menyangkal
5cdf01fe45d3d811cf772467;C;bertanding
5cdf01fe45d3d811cf772468;C;tentang
5cdf01fe45d3d811cf772469;C;menganjurkan
5cdf01fe45d3d811cf77246a;C;mengundang
5cdf01fe45d3d811cf77246b;C;mengajak
5cdf01fe45d3d811cf77246c;C;memengaruhi
5cdf01fe45d3d811cf77246d;C;membujuk
5cdf01fe45d3d811cf77246e;C;menjemput
5cdf01fe45d3d811cf77246f;C;menyeru
5cdf01fe45d3d811cf772470;C;membawa
5cdf01fe45d3d811cf772471;C;mempersilakan
5cdf01fe45d3d811cf772472;C;membantah
5cdf01fe45d3d811cf772473;C;menangkis
5cdf01fe45d3d811cf772474;C;mendebat
5cdf01fe45d3d811cf772475;C;menampik
5cdf01fe45d3d811cf772476;C;memprotes
5cdf01fe45d3d811cf772477;C;menolak
5cdf01fe45d3d811cf772478;C;menepis
5cdf01fe45d3d811cf772479;C;menanggulangi
5cdf01fe45d3d811cf77247a;C;menjumpai
5cdf01fe45d3d811cf77247b;C;mengarah
5cdf01fe45d3d811cf77247c;C;mengisai
5cdf01fe45d3d811cf77247d;C;menjabarkan
5cdf01fe45d3d811cf77247e;C;menjelajahkan
5cdf01fe45d3d811cf77247f;C;mengungkapkan
5cdf01fe45d3d811cf772480;C;membabarkan
5cdf01fe45d3d811cf772481;C;memerinci
5cdf01fe45d3d811cf772482;C;mendeskripsikan
5cdf01fe45d3d811cf772483;C;merencanakan
5cdf01fe45d3d811cf772484;C;menekuni
5cdf01fe45d3d811cf772485;C;meriset
5cdf01fe45d3d811cf772486;C;menyidik
5cdf01fe45d3d811cf772487;C;menginvestigasi
5cdf01fe45d3d811cf772488;C;tanggal
5cdf01fe45d3d811cf772489;C;kubik
5cdf01fe45d3d811cf77248a;C;progres
5cdf01fe45d3d811cf77248b;C;pertambahan
5cdf01fe45d3d811cf77248c;C;kendaraan
5cdf01fe45d3d811cf77248d;C;eskalasi
5cdf01fe45d3d811cf77248e;C;peningkatan
5cdf01fe45d3d811cf77248f;C;penambahan
5cdf01fe45d3d811cf772490;C;substitusi
5cdf01fe45d3d811cf772491;C;pengganti
5cdf01fe45d3d811cf772492;C;seleksi
5cdf01fe45d3d811cf772493;C;prioritas
5cdf01fe45d3d811cf772494;C;unjuk kerja
5cdf01fe45d3d811cf772495;C;berhalangan
5cdf01fe45d3d811cf772496;C;dibolehkan
5cdf01fe45d3d811cf772497;C;diperkenankan
5cdf01fe45d3d811cf772498;C;diizinkan
5cdf01fe45d3d811cf772499;C;cermat-cermat
5cdf01fe45d3d811cf77249a;C;perhatikan
5cdf01fe45d3d811cf77249b;C;camkan
5cdf01fe45d3d811cf77249c;C;hemat-hemat
5cdf01fe45d3d811cf77249d;C;berkira-kira
5cdf01fe45d3d811cf77249e;C;bercadang-cadang
5cdf01fe45d3d811cf77249f;C;berpikir-pikir
5cdf01fe45d3d811cf7724a0;C;berhitung-hitung
5cdf01fe45d3d811cf7724a1;C;menimbang-nimbang
5cdf01fe45d3d811cf7724a2;C;bersiap-siap
5cdf01fe45d3d811cf7724a3;C;siap sedia
5cdf01fe45d3d811cf7724a4;D;modis
5cdf01fe45d3d811cf7724a5;D;mutakhir
5cdf01fe45d3d811cf7724a6;D;modern
5cdf01fe45d3d811cf7724a7;D;prima
5cdf01fe45d3d811cf7724a8;D;aktual
5cdf01fe45d3d811cf7724a9;D;nontradisional
5cdf01fe45d3d811cf7724aa;D;terbaru
5cdf01fe45d3d811cf7724ab;D;masa kini
5cdf01fe45d3d811cf7724ac;D;terakhir
5cdf01fe45d3d811cf7724ad;D;yunior
5cdf01fe45d3d811cf7724ae;D;ujung
5cdf01fe45d3d811cf7724af;D;bugar
5cdf01fe45d3d811cf7724b0;D;fit
5cdf01fe45d3d811cf7724b1;D;tinggal
5cdf01fe45d3d811cf7724b2;D;bangkit
5cdf01fe45d3d811cf7724b3;D;duduk
5cdf01fe45d3d811cf7724b4;D;berdiam
5cdf01fe45d3d811cf7724b5;D;mukim
5cdf01fe45d3d811cf7724b6;D;membesar
5cdf01fe45d3d811cf7724b7;D;menetap
5cdf01fe45d3d811cf7724b8;D;bermukim
5cdf01fe45d3d811cf7724b9;D;beralamat
5cdf01fe45d3d811cf7724ba;D;kesatu
5cdf01fe45d3d811cf7724bb;D;terutama
5cdf01fe45d3d811cf7724bc;D;terpenting
5cdf01fe45d3d811cf7724bd;D;mula-mula
5cdf01fe45d3d811cf7724be;D;simpatik
5cdf01fe45d3d811cf7724bf;D;meruncing
5cdf01fe45d3d811cf7724c0;D;genting
5cdf01fe45d3d811cf7724c1;D;sewaktu
5cdf01fe45d3d811cf7724c2;D;semasa
5cdf01fe45d3d811cf7724c3;D;datang
5cdf01fe45d3d811cf7724c4;D;menomorduakan
5cdf01fe45d3d811cf7724c5;D;kesudahan
5cdf01fe45d3d811cf7724c6;D;belakangan
5cdf01fe45d3d811cf7724c7;D;pagi
5cdf01fe45d3d811cf7724c8;D;induk
5cdf01fe45d3d811cf7724c9;D;permulaan
5cdf01fe45d3d811cf7724ca;D;pagi buta
5cdf01fe45d3d811cf7724cb;D;asal
5cdf01fe45d3d811cf7724cc;D;pangkal
5cdf01fe45d3d811cf7724cd;D;start
5cdf01fe45d3d811cf7724ce;D;benih
5cdf01fe45d3d811cf7724cf;D;dini
5cdf01fe45d3d811cf7724d0;D;pagi-pagi
5cdf01fe45d3d811cf7724d1;D;dahulu
5cdf01fe45d3d811cf7724d2;D;sebab
5cdf01fe45d3d811cf7724d3;D;nyata
5cdf01fe45d3d811cf7724d4;D;sebetulnya
5cdf01fe45d3d811cf7724d5;D;positif
5cdf01fe45d3d811cf7724d6;D;sebenarnya
5cdf01fe45d3d811cf7724d7;D;faktual
5cdf01fe45d3d811cf7724d8;D;sesungguhnya
5cdf01fe45d3d811cf7724d9;D;menengah
5cdf01fe45d3d811cf7724da;D;sederhana
5cdf01fe45d3d811cf7724db;D;lumayan
5cdf01fe45d3d811cf7724dc;D;sementara
5cdf01fe45d3d811cf7724dd;D;patut
5cdf01fe45d3d811cf7724de;D;selang
5cdf01fe45d3d811cf7724df;D;sementara itu
5cdf01fe45d3d811cf7724e0;D;pertengahan
5cdf01fe45d3d811cf7724e1;D;pantas
5cdf01fe45d3d811cf7724e2;D;cukup
5cdf01fe45d3d811cf7724e3;D;lembang
5cdf01fe45d3d811cf7724e4;D;sawah
5cdf01fe45d3d811cf7724e5;D;kaki bukit
5cdf01fe45d3d811cf7724e6;D;dataran rendah
5cdf01fe45d3d811cf7724e7;D;lembah
5cdf01fe45d3d811cf7724e8;D;turun
5cdf01fe45d3d811cf7724e9;D;menurun
5cdf01fe45d3d811cf7724ea;D;sisi belakang
5cdf01fe45d3d811cf7724eb;D;mudik
5cdf01fe45d3d811cf7724ec;D;ulang
5cdf01fe45d3d811cf7724ed;D;rujuk
5cdf01fe45d3d811cf7724ee;D;pulang
5cdf01fe45d3d811cf7724ef;D;putar
5cdf01fe45d3d811cf7724f0;D;mepet
5cdf01fe45d3d811cf7724f1;D;mikro
5cdf01fe45d3d811cf7724f2;D;sedikit
5cdf01fe45d3d811cf7724f3;D;mini
5cdf01fe45d3d811cf7724f4;D;sekepal
5cdf01fe45d3d811cf7724f5;D;remeh
5cdf01fe45d3d811cf7724f6;D;cekak
5cdf01fe45d3d811cf7724f7;D;sipil
5cdf01fe45d3d811cf7724f8;D;cilik
5cdf01fe45d3d811cf7724f9;D;minor
5cdf01fe45d3d811cf7724fa;D;lirih
5cdf01fe45d3d811cf7724fb;D;inferior
5cdf01fe45d3d811cf7724fc;D;lemah
5cdf01fe45d3d811cf7724fd;D;tercela
5cdf01fe45d3d811cf7724fe;D;perlahan-lahan
5cdf01fe45d3d811cf7724ff;D;gemuruh
5cdf01fe45d3d811cf772500;D;pelan
5cdf01fe45d3d811cf772501;D;teras
5cdf01fe45d3d811cf772502;D;punca
5cdf01fe45d3d811cf772503;D;tumpuan
5cdf01fe45d3d811cf772504;D;usul
5cdf01fe45d3d811cf772505;D;panduan
5cdf01fe45d3d811cf772506;D;basis
5cdf01fe45d3d811cf772507;D;pembawaan
5cdf01fe45d3d811cf772508;D;asas
5cdf01fe45d3d811cf772509;D;marga
5cdf01fe45d3d811cf77250a;D;geladak
5cdf01fe45d3d811cf77250b;D;lunas
5cdf01fe45d3d811cf77250c;D;fundamen
5cdf01fe45d3d811cf77250d;D;batu tapakan
5cdf01fe45d3d811cf77250e;D;alasan
5cdf01fe45d3d811cf77250f;D;alur sungai
5cdf01fe45d3d811cf772510;D;memang
5cdf01fe45d3d811cf772511;D;latar
5cdf01fe45d3d811cf772512;D;pantat
5cdf01fe45d3d811cf772513;D;asasi
5cdf01fe45d3d811cf772514;D;motif
5cdf01fe45d3d811cf772515;D;ukuran
5cdf01fe45d3d811cf772516;D;undang-undang
5cdf01fe45d3d811cf772517;D;lantai
5cdf01fe45d3d811cf772518;D;rukun
5cdf01fe45d3d811cf772519;D;rancangan
5cdf01fe45d3d811cf77251a;D;batu sendi
5cdf01fe45d3d811cf77251b;D;pijakan
5cdf01fe45d3d811cf77251c;D;bakat
5cdf01fe45d3d811cf77251d;D;syarat
5cdf01fe45d3d811cf77251e;D;falsafah
5cdf01fe45d3d811cf77251f;D;esensi
5cdf01fe45d3d811cf772520;D;persendian
5cdf01fe45d3d811cf772521;D;perahu
5cdf01fe45d3d811cf772522;D;landasan
5cdf01fe45d3d811cf772523;D;pilar
5cdf01fe45d3d811cf772524;D;fondasi
5cdf01fe45d3d811cf772525;D;saka guru
5cdf01fe45d3d811cf772526;D;prinsip
5cdf01fe45d3d811cf772527;D;baku
5cdf01fe45d3d811cf772528;D;sila
5cdf01fe45d3d811cf772529;D;pedoman
5cdf01fe45d3d811cf77252a;D;tiang
5cdf01fe45d3d811cf77252b;D;hakikat
5cdf01fe45d3d811cf77252c;D;perangai
5cdf01fe45d3d811cf77252d;D;peraturan
5cdf01fe45d3d811cf77252e;D;lincah
5cdf01fe45d3d811cf77252f;D;sigap
5cdf01fe45d3d811cf772530;D;lampias
5cdf01fe45d3d811cf772531;D;suram
5cdf01fe45d3d811cf772532;D;pengawasan
5cdf01fe45d3d811cf772533;D;gerlap
5cdf01fe45d3d811cf772534;D;kilas
5cdf01fe45d3d811cf772535;D;kunjung
5cdf01fe45d3d811cf772536;D;sikap
5cdf01fe45d3d811cf772537;D;lintas
5cdf01fe45d3d811cf772538;D;tinggi
5cdf01fe45d3d811cf772539;D;sangat
5cdf01fe45d3d811cf77253a;D;keren
5cdf01fe45d3d811cf77253b;D;lebat hujan
5cdf01fe45d3d811cf77253c;D;kawakan
5cdf01fe45d3d811cf77253d;D;ber pengalaman
5cdf01fe45d3d811cf77253e;D;sepadan
5cdf01fe45d3d811cf77253f;D;laik
5cdf01fe45d3d811cf772540;D;genap
5cdf01fe45d3d811cf772541;D;sebentar lagi
5cdf01fe45d3d811cf772542;D;demi
5cdf01fe45d3d811cf772543;D;menghulukan
5cdf01fe45d3d811cf772544;D;berkunjung
5cdf01fe45d3d811cf772545;D;pernah
5cdf01fe45d3d811cf772546;D;menyambangi
5cdf01fe45d3d811cf772547;D;erat-erat
5cdf01fe45d3d811cf772548;D;santer
5cdf01fe45d3d811cf772549;D;senter
5cdf01fe45d3d811cf77254a;D;jantung
5cdf01fe45d3d811cf77254b;D;poin
5cdf01fe45d3d811cf77254c;D;biang
5cdf01fe45d3d811cf77254d;D;saripati
5cdf01fe45d3d811cf77254e;D;nukleus
5cdf01fe45d3d811cf77254f;D;intisari
5cdf01fe45d3d811cf772550;D;substansi
5cdf01fe45d3d811cf772551;D;ekstrak
5cdf01fe45d3d811cf772552;D;tergantung
5cdf01fe45d3d811cf772553;D;terserah
5cdf01fe45d3d811cf772554;D;modal
5cdf01ff45d3d811cf772555;D;asal mula
5cdf01ff45d3d811cf772556;D;topik
5cdf01ff45d3d811cf772557;D;pelataran
5cdf01ff45d3d811cf772558;D;pekarangan
5cdf01ff45d3d811cf772559;D;tanah kampung
5cdf01ff45d3d811cf77255a;D;serambi
5cdf01ff45d3d811cf77255b;D;atrium
5cdf01ff45d3d811cf77255c;D;balkon
5cdf01ff45d3d811cf77255d;D;peranginan
5cdf01ff45d3d811cf77255e;D;selasar
5cdf01ff45d3d811cf77255f;D;permukaan
5cdf01ff45d3d811cf772560;D;dekor
5cdf01ff45d3d811cf772561;D;hiasan
5cdf01ff45d3d811cf772562;D;perlak
5cdf01ff45d3d811cf772563;D;ciptaan
5cdf01ff45d3d811cf772564;D;buatan
5cdf01ff45d3d811cf772565;D;komoditas
5cdf01ff45d3d811cf772566;D;gaji
5cdf01ff45d3d811cf772567;D;hitungan
5cdf01ff45d3d811cf772568;D;bayaran
5cdf01ff45d3d811cf772569;D;penghasilan
5cdf01ff45d3d811cf77256a;D;uang
5cdf01ff45d3d811cf77256b;D;perolehan
5cdf01ff45d3d811cf77256c;D;pencarian
5cdf01ff45d3d811cf77256d;D;honorarium
5cdf01ff45d3d811cf77256e;D;pemasukan
5cdf01ff45d3d811cf77256f;D;penemuan
5cdf01ff45d3d811cf772570;D;keping
5cdf01ff45d3d811cf772571;D;biji
5cdf01ff45d3d811cf772572;D;potong
5cdf01ff45d3d811cf772573;D;lanjutan
5cdf01ff45d3d811cf772574;D;susulan
5cdf01ff45d3d811cf772575;D;terusan
5cdf01ff45d3d811cf772576;D;tambahan
5cdf01ff45d3d811cf772577;D;sambungan
5cdf01ff45d3d811cf772578;D;imbas
5cdf01ff45d3d811cf772579;D;benturan
5cdf01ff45d3d811cf77257a;D;tempat
5cdf01ff45d3d811cf77257b;D;perbuatan
5cdf01ff45d3d811cf77257c;D;rezeki
5cdf01ff45d3d811cf77257d;D;pencapaian
5cdf01ff45d3d811cf77257e;D;imbalan
5cdf01ff45d3d811cf77257f;D;balasan
5cdf01ff45d3d811cf772580;D;kelanjutan
5cdf01ff45d3d811cf772581;D;risiko
5cdf01ff45d3d811cf772582;D;ganjaran
5cdf01ff45d3d811cf772583;D;reaksi
5cdf01ff45d3d811cf772584;D;soal
5cdf01ff45d3d811cf772585;D;perhitungan
5cdf01ff45d3d811cf772586;D;rekanan
5cdf01ff45d3d811cf772587;D;rekenan
5cdf01ff45d3d811cf772588;D;perkiraan
5cdf01ff45d3d811cf772589;D;bilangan
5cdf01ff45d3d811cf77258a;D;karya
5cdf01ff45d3d811cf77258b;D;rekaan
5cdf01ff45d3d811cf77258c;D;keluaran
5cdf01ff45d3d811cf77258d;D;betapa
5cdf01ff45d3d811cf77258e;D;bentukan
5cdf01ff45d3d811cf77258f;D;desain
5cdf01ff45d3d811cf772590;D;sintetis
5cdf01ff45d3d811cf772591;D;pekerjaan
5cdf01ff45d3d811cf772592;D;kreasi
5cdf01ff45d3d811cf772593;D;masakan
5cdf01ff45d3d811cf772594;D;gubahan
5cdf01ff45d3d811cf772595;D;pembuatan
5cdf01ff45d3d811cf772596;D;penerapan
5cdf01ff45d3d811cf772597;D;surat berharga
5cdf01ff45d3d811cf772598;D;upaya
5cdf01ff45d3d811cf772599;D;kata hati
5cdf01ff45d3d811cf77259a;D;buah pikiran
5cdf01ff45d3d811cf77259b;D;kreativitas
5cdf01ff45d3d811cf77259c;D;bisikan
5cdf01ff45d3d811cf77259d;D;suara halus
5cdf01ff45d3d811cf77259e;D;gagasan
5cdf01ff45d3d811cf77259f;D;inventivitas
5cdf01ff45d3d811cf7725a0;D;daya cipta
5cdf01ff45d3d811cf7725a1;D;gerak hati
5cdf01ff45d3d811cf7725a2;D;estimasi
5cdf01ff45d3d811cf7725a3;D;kepatutan
5cdf01ff45d3d811cf7725a4;D;penerimaan
5cdf01ff45d3d811cf7725a5;D;ijtihad
5cdf01ff45d3d811cf7725a6;D;visi
5cdf01ff45d3d811cf7725a7;D;pengambilan
5cdf01ff45d3d811cf7725a8;D;dugaan
5cdf01ff45d3d811cf7725a9;D;rintisan
5cdf01ff45d3d811cf7725aa;D;daya usaha
5cdf01ff45d3d811cf7725ab;D;prakarsa
5cdf01ff45d3d811cf7725ac;D;ikhtiar
5cdf01ff45d3d811cf7725ad;D;rasa hati
5cdf01ff45d3d811cf7725ae;D;konsep
5cdf01ff45d3d811cf7725af;D;lintas akal
5cdf01ff45d3d811cf7725b0;D;daya pikir
5cdf01ff45d3d811cf7725b1;D;renungan
5cdf01ff45d3d811cf7725b2;D;ingatan
5cdf01ff45d3d811cf7725b3;D;idaman
5cdf01ff45d3d811cf7725b4;D;kenang-kenangan
5cdf01ff45d3d811cf7725b5;D;damba
5cdf01ff45d3d811cf7725b6;D;dambaan
5cdf01ff45d3d811cf7725b7;D;haluan
5cdf01ff45d3d811cf7725b8;D;harapan
5cdf01ff45d3d811cf7725b9;D;draf
5cdf01ff45d3d811cf7725ba;D;corat-coret
5cdf01ff45d3d811cf7725bb;D;imaji
5cdf01ff45d3d811cf7725bc;D;coret-coretan
5cdf01ff45d3d811cf7725bd;D;rengrengan
5cdf01ff45d3d811cf7725be;D;citra
5cdf01ff45d3d811cf7725bf;D;apresiasi
5cdf01ff45d3d811cf7725c0;D;artian
5cdf01ff45d3d811cf7725c1;D;tanggapan
5cdf01ff45d3d811cf7725c2;D;konsepsi
5cdf01ff45d3d811cf7725c3;D;pemahaman
5cdf01ff45d3d811cf7725c4;D;serapan
5cdf01ff45d3d811cf7725c5;D;pengenalan
5cdf01ff45d3d811cf7725c6;D;rekam
5cdf01ff45d3d811cf7725c7;D;rayuan
5cdf01ff45d3d811cf7725c8;D;bujukan
5cdf01ff45d3d811cf7725c9;D;lamunan
5cdf01ff45d3d811cf7725ca;D;imajinasi
5cdf01ff45d3d811cf7725cb;D;impian
5cdf01ff45d3d811cf7725cc;D;bayang-bayang
5cdf01ff45d3d811cf7725cd;D;representasi
5cdf01ff45d3d811cf7725ce;D;potret
5cdf01ff45d3d811cf7725cf;D;cermin
5cdf01ff45d3d811cf7725d0;D;penilaian
5cdf01ff45d3d811cf7725d1;D;jawaban
5cdf01ff45d3d811cf7725d2;D;sahutan
5cdf01ff45d3d811cf7725d3;D;tangkisan
5cdf01ff45d3d811cf7725d4;D;respons
5cdf01ff45d3d811cf7725d5;D;keunggulan
5cdf01ff45d3d811cf7725d6;D;ketinggalan
5cdf01ff45d3d811cf7725d7;D;ketangguhan
5cdf01ff45d3d811cf7725d8;D;keandalan
5cdf01ff45d3d811cf7725d9;D;keutamaan
5cdf01ff45d3d811cf7725da;D;kehebatan
5cdf01ff45d3d811cf7725db;D;pengontrolan
5cdf01ff45d3d811cf7725dc;D;koreksi
5cdf01ff45d3d811cf7725dd;D;eksperimen
5cdf01ff45d3d811cf7725de;D;diagnosis
5cdf01ff45d3d811cf7725df;D;pengusulan
5cdf01ff45d3d811cf7725e0;D;penyeliaan
5cdf01ff45d3d811cf7725e1;D;penanggulangan
5cdf01ff45d3d811cf7725e2;D;penjagaan
5cdf01ff45d3d811cf7725e3;D;survei
5cdf01ff45d3d811cf7725e4;D;peninjauan
5cdf01ff45d3d811cf7725e5;D;berwibawa
5cdf01ff45d3d811cf7725e6;D;berimbas
5cdf01ff45d3d811cf7725e7;D;berdampak
5cdf01ff45d3d811cf7725e8;D;berakibat
5cdf01ff45d3d811cf7725e9;D;berkemampuan
5cdf01ff45d3d811cf7725ea;D;samudra
5cdf01ff45d3d811cf7725eb;D;mulia
5cdf01ff45d3d811cf7725ec;D;berkembang
5cdf01ff45d3d811cf7725ed;D;akbar
5cdf01ff45d3d811cf7725ee;D;luhur
5cdf01ff45d3d811cf7725ef;D;gede
5cdf01ff45d3d811cf7725f0;D;dewasa
5cdf01ff45d3d811cf7725f1;D;langgam
5cdf01ff45d3d811cf7725f2;D;tongkrongan
5cdf01ff45d3d811cf7725f3;D;tabah
5cdf01ff45d3d811cf7725f4;D;demen
5cdf01ff45d3d811cf7725f5;D;berwenang
5cdf01ff45d3d811cf7725f6;D;berkompeten
5cdf01ff45d3d811cf7725f7;D;bercakap
5cdf01ff45d3d811cf7725f8;D;bersumbu
5cdf01ff45d3d811cf7725f9;D;awet
5cdf01ff45d3d811cf7725fa;D;abadi
5cdf01ff45d3d811cf7725fb;D;lestari
5cdf01ff45d3d811cf7725fc;D;langgeng
5cdf01ff45d3d811cf7725fd;D;kocak
5cdf01ff45d3d811cf7725fe;D;teruji
5cdf01ff45d3d811cf7725ff;D;tenggang
5cdf01ff45d3d811cf772600;D;bertapa
5cdf01ff45d3d811cf772601;D;pujangga
5cdf01ff45d3d811cf772602;D;pengarang
5cdf01ff45d3d811cf772603;D;jodoh
5cdf01ff45d3d811cf772604;D;menerobos
5cdf01ff45d3d811cf772605;D;terang-terangan
5cdf01ff45d3d811cf772606;D;kekal
5cdf01ff45d3d811cf772607;D;menyentuh
5cdf01ff45d3d811cf772608;D;menggenggam
5cdf01ff45d3d811cf772609;D;mengantongi
5cdf01ff45d3d811cf77260a;D;lelah
5cdf01ff45d3d811cf77260b;D;menggapai
5cdf01ff45d3d811cf77260c;D;mengulurkan
5cdf01ff45d3d811cf77260d;D;memetik
5cdf01ff45d3d811cf77260e;D;tiba di
5cdf01ff45d3d811cf77260f;D;memperoleh
5cdf01ff45d3d811cf772610;D;merengkuh
5cdf01ff45d3d811cf772611;D;letih
5cdf01ff45d3d811cf772612;D;cape
5cdf01ff45d3d811cf772613;D;capek
5cdf01ff45d3d811cf772614;D;menjangkau
5cdf01ff45d3d811cf772615;D;meraih
5cdf01ff45d3d811cf772616;D;menyampaikan
5cdf01ff45d3d811cf772617;D;ampe
5cdf01ff45d3d811cf772618;D;hingga
5cdf01ff45d3d811cf772619;D;mendatangi
5cdf01ff45d3d811cf77261a;D;mencukupi
5cdf01ff45d3d811cf77261b;D;memboyong
5cdf01ff45d3d811cf77261c;D;mengumpulkan
5cdf01ff45d3d811cf77261d;D;menyebar
5cdf01ff45d3d811cf77261e;D;mencetak
5cdf01ff45d3d811cf77261f;D;menjaring
5cdf01ff45d3d811cf772620;D;mewarisi
5cdf01ff45d3d811cf772621;D;mendapati
5cdf01ff45d3d811cf772622;D;mengetemui
5cdf01ff45d3d811cf772623;D;merespons panggilan
5cdf01ff45d3d811cf772624;D;mengalami
5cdf01ff45d3d811cf772625;D;mengunjungi
5cdf01ff45d3d811cf772626;D;merasakan
5cdf01ff45d3d811cf772627;D;mendeteksi
5cdf01ff45d3d811cf772628;D;mengindra
5cdf01ff45d3d811cf772629;D;cium
5cdf01ff45d3d811cf77262a;D;dikenai
5cdf01ff45d3d811cf77262b;D;beroleh
5cdf01ff45d3d811cf77262c;D;menemukan
5cdf01ff45d3d811cf77262d;D;menciptakan
5cdf01ff45d3d811cf77262e;D;cantum
5cdf01ff45d3d811cf77262f;D;mengecup
5cdf01ff45d3d811cf772630;D;membaui
5cdf01ff45d3d811cf772631;D;mengendus
5cdf01ff45d3d811cf772632;D;mengetahui
5cdf01ff45d3d811cf772633;D;berciuman
5cdf01ff45d3d811cf772634;D;menangkap
5cdf01ff45d3d811cf772635;D;memberitahukan
5cdf01ff45d3d811cf772636;D;menyatakan
5cdf01ff45d3d811cf772637;D;mendefinisikan
5cdf01ff45d3d811cf772638;D;merumuskan
5cdf01ff45d3d811cf772639;D;menetapkan
5cdf01ff45d3d811cf77263a;D;memastikan
5cdf01ff45d3d811cf77263b;D;mensyaratkan
5cdf01ff45d3d811cf77263c;D;menggariskan
5cdf01ff45d3d811cf77263d;D;membatasi
5cdf01ff45d3d811cf77263e;D;menebak
5cdf01ff45d3d811cf77263f;D;menyungguhkan
5cdf01ff45d3d811cf772640;D;mengukuhkan
5cdf01ff45d3d811cf772641;D;menegaskan
5cdf01ff45d3d811cf772642;D;meyakin-yakini
5cdf01ff45d3d811cf772643;D;mengesahkan
5cdf01ff45d3d811cf772644;D;meyakinkan
5cdf01ff45d3d811cf772645;D;memositifkan
5cdf01ff45d3d811cf772646;D;menunjuk
5cdf01ff45d3d811cf772647;D;meletakkan
5cdf01ff45d3d811cf772648;D;menguatkan
5cdf01ff45d3d811cf772649;D;mengelukan
5cdf01ff45d3d811cf77264a;D;mengarak
5cdf01ff45d3d811cf77264b;D;mengikrarkan
5cdf01ff45d3d811cf77264c;D;menandatangani
5cdf01ff45d3d811cf77264d;D;memberlakukan
5cdf01ff45d3d811cf77264e;D;membenarkan
5cdf01ff45d3d811cf77264f;D;melegalisasi
5cdf01ff45d3d811cf772650;D;menyahihkan
5cdf01ff45d3d811cf772651;D;mengabsahkan
5cdf01ff45d3d811cf772652;D;meresmikan
5cdf01ff45d3d811cf772653;D;memungut
5cdf01ff45d3d811cf772654;D;menjalani
5cdf01ff45d3d811cf772655;D;menuruti
5cdf01ff45d3d811cf772656;D;adopsi
5cdf01ff45d3d811cf772657;D;mempekerjakan
5cdf01ff45d3d811cf772658;D;mempertunjukkan
5cdf01ff45d3d811cf772659;D;mengutip
5cdf01ff45d3d811cf77265a;D;memesan
5cdf01ff45d3d811cf77265b;D;ditemukan
5cdf01ff45d3d811cf77265c;D;mungkin
5cdf01ff45d3d811cf77265d;D;terima
5cdf01ff45d3d811cf77265e;D;meyakini
5cdf01ff45d3d811cf77265f;D;mengikuti
5cdf01ff45d3d811cf772660;D;memercayai
5cdf01ff45d3d811cf772661;D;memeluk kepercayaan
5cdf01ff45d3d811cf772662;D;mematuhi
5cdf01ff45d3d811cf772663;D;mengizinkan
5cdf01ff45d3d811cf772664;D;memperbenar
5cdf01ff45d3d811cf772665;D;meluruskan
5cdf01ff45d3d811cf772666;D;bersaksi
5cdf01ff45d3d811cf772667;D;menyetujui
5cdf01ff45d3d811cf772668;D;memperbaiki
5cdf01ff45d3d811cf772669;D;membetulkan
5cdf01ff45d3d811cf77266a;D;meluluskan
5cdf01ff45d3d811cf77266b;D;jabat
5cdf01ff45d3d811cf77266c;D;menyahut
5cdf01ff45d3d811cf77266d;D;menjawat
5cdf01ff45d3d811cf77266e;D;menadah
5cdf01ff45d3d811cf77266f;D;mengacara
5cdf01ff45d3d811cf772670;D;membumi
5cdf01ff45d3d811cf772671;D;sejuk hati
5cdf01ff45d3d811cf772672;D;asyik
5cdf01ff45d3d811cf772673;D;makmur
5cdf01ff45d3d811cf772674;D;marem
5cdf01ff45d3d811cf772675;D;tersipu-sipu
5cdf01ff45d3d811cf772676;D;bercepat-cepat
5cdf01ff45d3d811cf772677;D;serempak
5cdf01ff45d3d811cf772678;D;seketika
5cdf01ff45d3d811cf772679;D;tengok-tengok
5cdf01ff45d3d811cf77267a;D;dengan nama
5cdf01ff45d3d811cf77267b;D;baru saja
5cdf01ff45d3d811cf77267c;D;saat
5cdf01ff45d3d811cf77267d;D;begitu
5cdf01ff45d3d811cf77267e;D;apabila
5cdf01ff45d3d811cf77267f;D;positivistik
5cdf01ff45d3d811cf772680;D;kentara
5cdf01ff45d3d811cf772681;D;mencocok
5cdf01ff45d3d811cf772682;D;gamblang
5cdf01ff45d3d811cf772683;D;terbatas
5cdf01ff45d3d811cf772684;D;berbentuk
5cdf01ff45d3d811cf772685;D;transparansi
5cdf01ff45d3d811cf772686;D;riil
5cdf01ff45d3d811cf772687;D;berwujud
5cdf01ff45d3d811cf772688;D;global
5cdf01ff45d3d811cf772689;D;terajut
5cdf01ff45d3d811cf77268a;D;berjumpa
5cdf01ff45d3d811cf77268b;D;terlaksana
5cdf01ff45d3d811cf77268c;D;kedapatan
5cdf01ff45d3d811cf77268d;D;berpapasan
5cdf01ff45d3d811cf77268e;D;jumpa muka
5cdf01ff45d3d811cf77268f;D;berdendang
5cdf01ff45d3d811cf772690;D;bertingkah
5cdf01ff45d3d811cf772691;D;perihal
5cdf01ff45d3d811cf772692;D;peristiwa
5cdf01ff45d3d811cf772693;D;afair
5cdf01ff45d3d811cf772694;D;terjadinya
5cdf01ff45d3d811cf772695;D;sepak terjang
5cdf01ff45d3d811cf772696;D;tindak tanduk
5cdf01ff45d3d811cf772697;D;perjalanan
5cdf01ff45d3d811cf772698;D;tingkah laku
5cdf01ff45d3d811cf772699;D;aktivitas
5cdf01ff45d3d811cf77269a;D;debaran
5cdf01ff45d3d811cf77269b;D;gerak gerik
5cdf01ff45d3d811cf77269c;D;keaktifan
5cdf01ff45d3d811cf77269d;D;perusahaan
5cdf01ff45d3d811cf77269e;D;daya upaya
5cdf01ff45d3d811cf77269f;D;ventura
5cdf01ff45d3d811cf7726a0;D;olahraga
5cdf01ff45d3d811cf7726a1;D;gerak-gerik
5cdf01ff45d3d811cf7726a2;D;kesibukan
5cdf01ff45d3d811cf7726a3;D;gerak laku
5cdf01ff45d3d811cf7726a4;D;judul
5cdf01ff45d3d811cf7726a5;D;adres
5cdf01ff45d3d811cf7726a6;D;obyek
5cdf01ff45d3d811cf7726a7;D;perumahan
5cdf01ff45d3d811cf7726a8;D;kebijakan
5cdf01ff45d3d811cf7726a9;D;kebutuhan
5cdf01ff45d3d811cf7726aa;D;fisik
5cdf01ff45d3d811cf7726ab;D;konfigurasi
5cdf01ff45d3d811cf7726ac;D;butir
5cdf01ff45d3d811cf7726ad;D;titik
5cdf01ff45d3d811cf7726ae;D;animo
5cdf01ff45d3d811cf7726af;D;kehasratan
5cdf01ff45d3d811cf7726b0;D;orientasi
5cdf01ff45d3d811cf7726b1;D;arah-arah
5cdf01ff45d3d811cf7726b2;D;penjuru
5cdf01ff45d3d811cf7726b3;D;bergeser
5cdf01ff45d3d811cf7726b4;D;urgensi
5cdf01ff45d3d811cf7726b5;D;kesempatan
5cdf01ff45d3d811cf7726b6;D;peluang
5cdf01ff45d3d811cf7726b7;D;pengharapan
5cdf01ff45d3d811cf7726b8;D;prospek
5cdf01ff45d3d811cf7726b9;I;bermoral
5cdf01ff45d3d811cf7726ba;I;berkarakter
5cdf01ff45d3d811cf7726bb;I;berperangai
5cdf01ff45d3d811cf7726bc;I;berbudi pekerti
5cdf01ff45d3d811cf7726bd;I;berkelakuan
5cdf01ff45d3d811cf7726be;I;berkepribadian
5cdf01ff45d3d811cf7726bf;I;bermaksud
5cdf01ff45d3d811cf7726c0;I;berkeinginan
5cdf01ff45d3d811cf7726c1;I;bertekad
5cdf01ff45d3d811cf7726c2;I;berhajat
5cdf01ff45d3d811cf7726c3;I;berniat
5cdf01ff45d3d811cf7726c4;I;bercita-cita
5cdf01ff45d3d811cf7726c5;I;beriktikad
5cdf01ff45d3d811cf7726c6;I;berminat
5cdf01ff45d3d811cf7726c7;I;berkemauan
5cdf01ff45d3d811cf7726c8;I;berharap
5cdf01ff45d3d811cf7726c9;I;dahsyat
5cdf01ff45d3d811cf7726ca;I;mencolok
5cdf01ff45d3d811cf7726cb;I;tekun
5cdf01ff45d3d811cf7726cc;I;bercorak
5cdf01ff45d3d811cf7726cd;I;berunsur
5cdf01ff45d3d811cf7726ce;I;berupa
5cdf01ff45d3d811cf7726cf;I;tegak
5cdf01ff45d3d811cf7726d0;I;tegap
5cdf01ff45d3d811cf7726d1;I;elok
5cdf01ff45d3d811cf7726d2;I;gagah
5cdf01ff45d3d811cf7726d3;I;berspirit
5cdf01ff45d3d811cf7726d4;I;berambisi
5cdf01ff45d3d811cf7726d5;I;berencana
5cdf01ff45d3d811cf7726d6;I;beraspirasi
5cdf01ff45d3d811cf7726d7;I;terdorong
5cdf01ff45d3d811cf7726d8;I;menggelorakan
5cdf01ff45d3d811cf7726d9;I;memotivasi
5cdf01ff45d3d811cf7726da;I;mengaktifkan
5cdf01ff45d3d811cf7726db;I;menggalakkan
5cdf01ff45d3d811cf7726dc;I;menyulut
5cdf01ff45d3d811cf7726dd;I;menstimulasi
5cdf01ff45d3d811cf7726de;I;menggiatkan  memacu
5cdf01ff45d3d811cf7726df;I;memecut
5cdf01ff45d3d811cf7726e0;I;mendorong
5cdf01ff45d3d811cf7726e1;I;membakar
5cdf01ff45d3d811cf7726e2;I;gesit
5cdf01ff45d3d811cf7726e3;I;gigih
5cdf01ff45d3d811cf7726e4;I;menyemangati
5cdf01ff45d3d811cf7726e5;I;mengobarkan
5cdf01ff45d3d811cf7726e6;I;berapi-api
5cdf01ff45d3d811cf7726e7;I;berkobar-kobar
5cdf01ff45d3d811cf7726e8;I;menyala-nyala
5cdf01ff45d3d811cf7726e9;I;bergelora
5cdf01ff45d3d811cf7726ea;I;aktif
5cdf01ff45d3d811cf7726eb;I;berwatak
5cdf01ff45d3d811cf7726ec;I;dinamis
5cdf01ff45d3d811cf7726ed;I;energik
5cdf01ff45d3d811cf7726ee;I;berkehendak
5cdf01ff45d3d811cf7726ef;I;getol
5cdf01ff45d3d811cf7726f0;I;bersifat
5cdf01ff45d3d811cf7726f1;I;berhasrat
5cdf01ff45d3d811cf7726f2;I;agresif
5cdf01ff45d3d811cf7726f3;I;berkobarkobar
5cdf01ff45d3d811cf7726f4;I;meluap-luap
5cdf01ff45d3d811cf7726f5;I;membaca
5cdf01ff45d3d811cf7726f6;I;menggebu-gebu
5cdf01ff45d3d811cf7726f7;I;timbul
5cdf01ff45d3d811cf7726f8;I;berproses
5cdf01ff45d3d811cf7726f9;I;beraksi
5cdf01ff45d3d811cf7726fa;I;bekerja
5cdf01ff45d3d811cf7726fb;I;beroperasi
5cdf01ff45d3d811cf7726fc;I;berperan
5cdf01ff45d3d811cf7726fd;I;bergerak
5cdf01ff45d3d811cf7726fe;I;berfungsi
5cdf01ff45d3d811cf7726ff;I;sibuk
5cdf01ff45d3d811cf772700;I;tangkas
5cdf01ff45d3d811cf772701;I;bersungguh-sungguh
5cdf01ff45d3d811cf772702;I;main
5cdf01ff45d3d811cf772703;I;menggelora
5cdf01ff45d3d811cf772704;I;dorongan
5cdf01ff45d3d811cf772705;I;vitalitas
5cdf01ff45d3d811cf772706;I;sinar
5cdf01ff45d3d811cf772707;I;spirit
5cdf01ff45d3d811cf772708;I;minat
5cdf01ff45d3d811cf772709;I;aspirasi
5cdf01ff45d3d811cf77270a;I;dinamika
5cdf01ff45d3d811cf77270b;I;daya hidup
5cdf01ff45d3d811cf77270c;I;ambisi
5cdf01ff45d3d811cf77270d;I;bertabiat
5cdf01ff45d3d811cf77270e;I;berperilaku
5cdf01ff45d3d811cf77270f;I;berumah
5cdf01ff45d3d811cf772710;I;melupakan
5cdf01ff45d3d811cf772711;I;mendiami
5cdf01ff45d3d811cf772712;I;berangkat
5cdf01ff45d3d811cf772713;I;bergulir
5cdf01ff45d3d811cf772714;I;berputar
5cdf01ff45d3d811cf772715;I;beranjak
5cdf01ff45d3d811cf772716;I;berkiprah
5cdf01ff45d3d811cf772717;I;berkecimpung
5cdf01ff45d3d811cf772718;I;beralih
5cdf01ff45d3d811cf772719;I;menggelundung
5cdf01ff45d3d811cf77271a;I;geleser
5cdf01ff45d3d811cf77271b;I;mengalir
5cdf01ff45d3d811cf77271c;I;berusaha
5cdf01ff45d3d811cf77271d;I;berbicara
5cdf01ff45d3d811cf77271e;I;berpindah
5cdf01ff45d3d811cf77271f;I;berdiri
5cdf01ff45d3d811cf772720;I;muncul
5cdf01ff45d3d811cf772721;I;berbangkit
5cdf01ff45d3d811cf772722;I;terbit
5cdf01ff45d3d811cf772723;I;pijar
5cdf01ff45d3d811cf772724;I;meningkat
5cdf01ff45d3d811cf772725;I;kehidupan
5cdf01ff45d3d811cf772726;I;bertindak
5cdf01ff45d3d811cf772727;I;berprofesi
5cdf01ff45d3d811cf772728;I;berkarya
5cdf01ff45d3d811cf772729;I;berbuat
5cdf01ff45d3d811cf77272a;I;berpraktik
5cdf01ff45d3d811cf77272b;I;berkeluarga
5cdf01ff45d3d811cf77272c;I;bersila
5cdf01ff45d3d811cf77272d;I;berteduh
5cdf01ff45d3d811cf77272e;I;bertempat
5cdf01ff45d3d811cf77272f;I;berkawin
5cdf01ff45d3d811cf772730;I;menongkrong
5cdf01ff45d3d811cf772731;I;melungguh
5cdf01ff45d3d811cf772732;I;berumah tangga
5cdf01ff45d3d811cf772733;I;bersimpuh
5cdf01ff45d3d811cf772734;I;bersandar
5cdf01ff45d3d811cf772735;I;berbaur
5cdf01ff45d3d811cf772736;I;menikah
5cdf01ff45d3d811cf772737;I;bepergian
5cdf01ff45d3d811cf772738;I;berisik
5cdf01ff45d3d811cf772739;I;kediaman
5cdf01ff45d3d811cf77273a;I;menyombong
5cdf01ff45d3d811cf77273b;I;bertanggung jawab
5cdf01ff45d3d811cf77273c;I;berdenyut-denyut
5cdf01ff45d3d811cf77273d;I;mendenyut
5cdf01ff45d3d811cf77273e;I;berdomisili
5cdf01ff45d3d811cf77273f;I;bersasaran
5cdf01ff45d3d811cf772740;I;bertujuan
5cdf01ff45d3d811cf772741;I;terlihat
5cdf01ff45d3d811cf772742;I;hadir
5cdf01ff45d3d811cf772743;I;menyimpan
5cdf01ff45d3d811cf772744;I;memiliki
5cdf01ff45d3d811cf772745;I;mempunyai
5cdf01ff45d3d811cf772746;I;tampil
5cdf01ff45d3d811cf772747;I;boleh
5cdf01ff45d3d811cf772748;I;tersedia
5cdf01ff45d3d811cf772749;I;terdapat
5cdf01ff45d3d811cf77274a;I;memegang
5cdf01ff45d3d811cf77274b;I;terselip
5cdf01ff45d3d811cf77274c;I;tampak
5cdf01ff45d3d811cf77274d;I;jantung hati
5cdf01ff45d3d811cf77274e;I;semarak
5cdf01ff45d3d811cf77274f;I;merayu
5cdf01ff45d3d811cf772750;I;meriangkan
5cdf01ff45d3d811cf772751;I;gayeng
5cdf01ff45d3d811cf772752;I;menggirangkan
5cdf01ff45d3d811cf772753;I;mengembangkan hati
5cdf01ff45d3d811cf772754;I;biak
5cdf01ff45d3d811cf772755;I;menumbuh
5cdf01ff45d3d811cf772756;I;komunikasi
5cdf01ff45d3d811cf772757;I;berkontak
5cdf01ff45d3d811cf772758;I;relasi
5cdf01ff45d3d811cf772759;I;afiliasi
5cdf01ff45d3d811cf77275a;I;pertautan
5cdf01ff45d3d811cf77275b;I;federasi
5cdf01ff45d3d811cf77275c;I;perikatan
5cdf01ff45d3d811cf77275d;I;gabungan
5cdf01ff45d3d811cf77275e;I;gandengan
5cdf01ff45d3d811cf77275f;I;untaian
5cdf01ff45d3d811cf772760;I;prosedur
5cdf01ff45d3d811cf772761;I;perantara
5cdf01ff45d3d811cf772762;I;gelombang
5cdf01ff45d3d811cf772763;I;penghubung
5cdf01ff45d3d811cf772764;I;corong
5cdf01ff45d3d811cf772765;I;akses
5cdf01ff45d3d811cf772766;I;kenalan
5cdf01ff45d3d811cf772767;I;interelasi
5cdf01ff45d3d811cf772768;I;aliansi
5cdf01ff45d3d811cf772769;I;perhimpunan
5cdf01ff45d3d811cf77276a;I;klub
5cdf01ff45d3d811cf77276b;I;konotasi
5cdf01ff45d3d811cf77276c;I;konsorsium
5cdf01ff45d3d811cf77276d;I;persekutuan
5cdf01ff45d3d811cf77276e;I;perkumpulan
5cdf01ff45d3d811cf77276f;I;koalisi
5cdf01ff45d3d811cf772770;I;perserikatan
5cdf01ff45d3d811cf772771;I;persatuan
5cdf01ff45d3d811cf772772;I;nasabah
5cdf01ff45d3d811cf772773;I;perkariban
5cdf01ff45d3d811cf772774;I;korelasi
5cdf01ff45d3d811cf772775;I;sangkutan paut
5cdf01ff45d3d811cf772776;I;korespondensi
5cdf01ff45d3d811cf772777;I;pelanggan
5cdf01ff45d3d811cf772778;I;persahabatan
5cdf01ff45d3d811cf772779;I;jejaring
5cdf01ff45d3d811cf77277a;I;persentuhan
5cdf01ff45d3d811cf77277b;I;perjanjian
5cdf01ff45d3d811cf77277c;I;bundel
5cdf01ff45d3d811cf77277d;I;kontrak
5cdf01ff45d3d811cf77277e;I;bingkai
5cdf01ff45d3d811cf77277f;I;bagan
5cdf01ff45d3d811cf772780;I;lembar
5cdf01ff45d3d811cf772781;I;tampar
5cdf01ff45d3d811cf772782;I;ulasan
5cdf01ff45d3d811cf772783;I;antarhubungan
5cdf01ff45d3d811cf772784;I;gantungan
5cdf01ff45d3d811cf772785;I;cantolan
5cdf01ff45d3d811cf772786;I;peguyuban
5cdf01ff45d3d811cf772787;I;relevansi
5cdf01ff45d3d811cf772788;I;cantelan
5cdf01ff45d3d811cf772789;I;kepentingan
5cdf01ff45d3d811cf77278a;I;konfederasi
5cdf01ff45d3d811cf77278b;I;pakta
5cdf01ff45d3d811cf77278c;I;akad
5cdf01ff45d3d811cf77278d;I;berkumpul
5cdf01ff45d3d811cf77278e;I;keterkaitan
5cdf01ff45d3d811cf77278f;I;hambatan
5cdf01ff45d3d811cf772790;I;keterlibatan
5cdf01ff45d3d811cf772791;I;rintangan
5cdf01ff45d3d811cf772792;I;halangan
5cdf01ff45d3d811cf772793;I;spontan
5cdf01ff45d3d811cf772794;I;perseptif
5cdf01ff45d3d811cf772795;I;refleks
5cdf01ff45d3d811cf772796;I;keberhasilan
5cdf01ff45d3d811cf772797;I;nasib baik
5cdf01ff45d3d811cf772798;I;keberkatan
5cdf01ff45d3d811cf772799;I;kesuksesan
5cdf01ff45d3d811cf77279a;I;pertolongan
5cdf01ff45d3d811cf77279b;I;bantuan
5cdf01ff45d3d811cf77279c;I;otoritas
5cdf01ff45d3d811cf77279d;I;pemerintahan
5cdf01ff45d3d811cf77279e;I;kekuasaan tertinggi
5cdf01ff45d3d811cf77279f;I;supremasi
5cdf01ff45d3d811cf7727a0;I;kekuatan tertinggi
5cdf01ff45d3d811cf7727a1;I;keriaan
5cdf01ff45d3d811cf7727a2;I;keriangan
5cdf01ff45d3d811cf7727a3;I;kesukaan
5cdf01ff45d3d811cf7727a4;I;keramaian
5cdf01ff45d3d811cf7727a5;I;grup
5cdf01ff45d3d811cf7727a6;I;kawanan
5cdf01ff45d3d811cf7727a7;I;golongan
5cdf01ff45d3d811cf7727a8;I;fraksi
5cdf01ff45d3d811cf7727a9;I;lingkaran
5cdf01ff45d3d811cf7727aa;I;kaum
5cdf01ff45d3d811cf7727ab;I;area
5cdf01ff45d3d811cf7727ac;I;jumlah
5cdf01ff45d3d811cf7727ad;I;wilayah
5cdf01ff45d3d811cf7727ae;I;garis hidup
5cdf01ff45d3d811cf7727af;I;kategori
5cdf01ff45d3d811cf7727b0;I;kadar
5cdf01ff45d3d811cf7727b1;I;seksi
5cdf01ff45d3d811cf7727b2;I;klik
5cdf01ff45d3d811cf7727b3;I;pecahan
5cdf01ff45d3d811cf7727b4;I;jenis
5cdf01ff45d3d811cf7727b5;I;unit
5cdf01ff45d3d811cf7727b6;I;gugus
5cdf01ff45d3d811cf7727b7;I;komposisi
5cdf01ff45d3d811cf7727b8;I;agregat
5cdf01ff45d3d811cf7727b9;I;bangsa
5cdf01ff45d3d811cf7727ba;I;komunitas
5cdf01ff45d3d811cf7727bb;I;klasifikasi
5cdf01ff45d3d811cf7727bc;I;pihak
5cdf01ff45d3d811cf7727bd;I;kubu
5cdf01ff45d3d811cf7727be;I;fase
5cdf01ff45d3d811cf7727bf;I;partai
5cdf01ff45d3d811cf7727c0;I;terkerahkan
5cdf01ff45d3d811cf7727c1;I;berkerumun
5cdf01ff45d3d811cf7727c2;I;berjumat
5cdf01ff45d3d811cf7727c3;I;berguyub
5cdf01ff45d3d811cf7727c4;I;bergerombol
5cdf01ff45d3d811cf7727c5;I;berkampung
5cdf01ff45d3d811cf7727c6;I;berkutu
5cdf01ff45d3d811cf7727c7;I;terpusat
5cdf01ff45d3d811cf7727c8;I;terhimpun
5cdf01ff45d3d811cf7727c9;I;berkelompok
5cdf01ff45d3d811cf7727ca;I;kongsi
5cdf01ff45d3d811cf7727cb;I;berhimpun
5cdf01ff45d3d811cf7727cc;I;apel
5cdf01ff45d3d811cf7727cd;I;bergabung
5cdf01ff45d3d811cf7727ce;I;terekrut perkumpulan asosiasi
5cdf01ff45d3d811cf7727cf;I;terkumpul tergabung
5cdf01ff45d3d811cf7727d0;I;jemaah
5cdf01ff45d3d811cf7727d1;I;kompilasi
5cdf01ff45d3d811cf7727d2;I;departemen
5cdf01ff45d3d811cf7727d3;I;biro
5cdf01ff45d3d811cf7727d4;I;jilid
5cdf01ff45d3d811cf7727d5;I;cercah
5cdf01ff45d3d811cf7727d6;I;arsip
5cdf01ff45d3d811cf7727d7;I;jambak
5cdf01ff45d3d811cf7727d8;I;gepok
5cdf01ff45d3d811cf7727d9;I;suku
5cdf01ff45d3d811cf7727da;I;ordo
5cdf01ff45d3d811cf7727db;I;pertemuan
5cdf01ff45d3d811cf7727dc;I;riungan
5cdf01ff45d3d811cf7727dd;I;pengikut
5cdf01ff45d3d811cf7727de;I;jamaah
5cdf01ff45d3d811cf7727df;I;jemaat
5cdf01ff45d3d811cf7727e0;I;pundung
5cdf01ff45d3d811cf7727e1;I;delegasi
5cdf01ff45d3d811cf7727e2;I;kontingen
5cdf01ff45d3d811cf7727e3;I;skuat
5cdf01ff45d3d811cf7727e4;I;sindikat
5cdf01ff45d3d811cf7727e5;I;kartel
5cdf01ff45d3d811cf7727e6;I;agregasi
5cdf01ff45d3d811cf7727e7;I;go-longan
5cdf01ff45d3d811cf7727e8;I;warga
5cdf01ff45d3d811cf7727e9;I;nasion
5cdf01ff45d3d811cf7727ea;I;kawula
5cdf01ff45d3d811cf7727eb;I;deretan
5cdf01ff45d3d811cf7727ec;I;rantaian
5cdf01ff45d3d811cf7727ed;I;jajaran
5cdf01ff45d3d811cf7727ee;I;angkatan
5cdf01ff45d3d811cf7727ef;I;laskar
5cdf01ff45d3d811cf7727f0;I;orkes
5cdf01ff45d3d811cf7727f1;I;ragam
5cdf01ff45d3d811cf7727f2;I;gender
5cdf01ff45d3d811cf7727f3;I;genre
5cdf01ff45d3d811cf7727f4;I;tipe
5cdf01ff45d3d811cf7727f5;I;model
5cdf01ff45d3d811cf7727f6;I;menghadiri
5cdf01ff45d3d811cf7727f7;I;ampunan
5cdf01ff45d3d811cf7727f8;I;keizinan
5cdf01ff45d3d811cf7727f9;I;restu
5cdf01ff45d3d811cf7727fa;I;per-kenan
5cdf01ff45d3d811cf7727fb;I;kecenderungan
5cdf01ff45d3d811cf7727fc;I;perkenanan
5cdf01ff45d3d811cf7727fd;I;ketulusan
5cdf01ff45d3d811cf7727fe;I;penyuluhan
5cdf01ff45d3d811cf7727ff;I;pengintaian
5cdf01ff45d3d811cf772800;I;perbaikan
5cdf01ff45d3d811cf772801;I;terkenang
5cdf01ff45d3d811cf772802;I;mempertimbangkan
5cdf01ff45d3d811cf772803;I;berwaswas
5cdf01ff45d3d811cf772804;I;acuh
5cdf01ff45d3d811cf772805;I;sadar
5cdf01ff45d3d811cf772806;I;peduli
5cdf01ff45d3d811cf772807;I;perspektif
5cdf01ff45d3d811cf772808;I;penglihatan
5cdf01ff45d3d811cf772809;I;wawasan
5cdf01ff45d3d811cf77280a;I;tinjauan
5cdf01ff45d3d811cf77280b;I;ujaran
5cdf01ff45d3d811cf77280c;I;perkataan
5cdf01ff45d3d811cf77280d;I;omongan
5cdf01ff45d3d811cf77280e;I;penalaran
5cdf01ff45d3d811cf77280f;I;celotehan
5cdf01ff45d3d811cf772810;I;ucapan
5cdf01ff45d3d811cf772811;I;perundingan
5cdf01ff45d3d811cf772812;I;berurusan
5cdf01ff45d3d811cf772813;I;berbahasa
5cdf01ff45d3d811cf772814;I;bincang
5cdf01ff45d3d811cf772815;I;rembuk
5cdf01ff45d3d811cf772816;I;wicara
5cdf01ff45d3d811cf772817;I;nujum
5cdf01ff45d3d811cf772818;I;telahan
5cdf01ff45d3d811cf772819;I;kepantasan
5cdf01ff45d3d811cf77281a;I;kelayakan
5cdf01ff45d3d811cf77281b;I;kecocokan
5cdf01ff45d3d811cf77281c;I;kesesuaian
5cdf01ff45d3d811cf77281d;I;kelaikan
5cdf01ff45d3d811cf77281e;I;filsafat
5cdf01ff45d3d811cf77281f;I;maklum
5cdf01ff45d3d811cf772820;I;sambutan
5cdf01ff45d3d811cf772821;I;perlakuan
5cdf01ff45d3d811cf772822;I;penyambutan
5cdf01ff45d3d811cf772823;I;tafsiran
5cdf01ff45d3d811cf772824;I;ibarat
5cdf01ff45d3d811cf772825;I;pengamatan
5cdf01ff45d3d811cf772826;I;tarekat
5cdf01ff45d3d811cf772827;I;imbasan
5cdf01ff45d3d811cf772828;I;pancaran
5cdf01ff45d3d811cf772829;I;cucuran
5cdf01ff45d3d811cf77282a;I;peredaran
5cdf01ff45d3d811cf77282b;I;sekte
5cdf01ff45d3d811cf77282c;I;pemikiran
5cdf01ff45d3d811cf77282d;I;pengutipan
5cdf01ff45d3d811cf77282e;I;pemungutan
5cdf01ff45d3d811cf77282f;I;tebakan
5cdf01ff45d3d811cf772830;I;spekulasi
5cdf01ff45d3d811cf772831;I;dakwaan
5cdf01ff45d3d811cf772832;I;telaahan
5cdf01ff45d3d811cf772833;I;ajukan
5cdf01ff45d3d811cf772834;I;rabaan
5cdf01ff45d3d811cf772835;I;permohonan
5cdf01ff45d3d811cf772836;I;paksaan
5cdf01ff45d3d811cf772837;I;gugatan
5cdf01ff45d3d811cf772838;I;klaim
5cdf01ff45d3d811cf772839;I;desakan
5cdf01ff45d3d811cf77283a;I;ultimatum
5cdf01ff45d3d811cf77283b;I;ikat janji
5cdf01ff45d3d811cf77283c;I;kesepakatan
5cdf01ff45d3d811cf77283d;I;nazar
5cdf01ff45d3d811cf77283e;I;ijab
5cdf01ff45d3d811cf77283f;I;batas waktu
5cdf01ff45d3d811cf772840;I;tenggat
5cdf01ff45d3d811cf772841;I;penghargaan
5cdf01ff45d3d811cf772842;I;identifikasi
5cdf01ff45d3d811cf772843;I;pengesahan
5cdf01ff45d3d811cf772844;I;pengukuhan
5cdf01ff45d3d811cf772845;I;peneguhan
5cdf01ff45d3d811cf772846;I;testimoni
5cdf01ff45d3d811cf772847;I;penegasan
5cdf01ff45d3d811cf772848;I;konfirmasi
5cdf01ff45d3d811cf772849;I;kata sepakat
5cdf01ff45d3d811cf77284a;I;persumpahan
5cdf01ff45d3d811cf77284b;I;sentimen
5cdf01ff45d3d811cf77284c;I;perhatian
5cdf01ff45d3d811cf77284d;I;marah
5cdf01ff45d3d811cf77284e;I;keberanian
5cdf01ff45d3d811cf77284f;I;kuliah
5cdf01ff45d3d811cf772850;I;khotbah
5cdf01ff45d3d811cf772851;I;wedaran
5cdf01ff45d3d811cf772852;I;pidato
5cdf01ff45d3d811cf772853;I;cerewet
5cdf01ff45d3d811cf772854;I;nyinyir
5cdf01ff45d3d811cf772855;I;aleman
5cdf01ff45d3d811cf772856;I;tangan terbuka
5cdf01ff45d3d811cf772857;I;ikhlas hati
5cdf01ff45d3d811cf772858;I;mulia hati
5cdf01ff45d3d811cf772859;I;konteks
5cdf01ff45d3d811cf77285a;I;suasana
5cdf01ff45d3d811cf77285b;I;berkelas
5cdf01ff45d3d811cf77285c;I;pamor
5cdf01ff45d3d811cf77285d;I;prestisius
5cdf01ff45d3d811cf77285e;I;prestise
5cdf01ff45d3d811cf77285f;I;berpamor
5cdf01ff45d3d811cf772860;I;kinerja
5cdf01ff45d3d811cf772861;I;daya muat
5cdf01ff45d3d811cf772862;I;jajak
5cdf01ff45d3d811cf772863;I;dosa
5cdf01ff45d3d811cf772864;I;kekeliruan
5cdf01ff45d3d811cf772865;I;cadangan
5cdf01ff45d3d811cf772866;I;program
5cdf01ff45d3d811cf772867;I;tata acara
5cdf01ff45d3d811cf772868;I;reka-rekaan
5cdf01ff45d3d811cf772869;I;cetak biru
5cdf01ff45d3d811cf77286a;I;naskah
5cdf01ff45d3d811cf77286b;I;kelengahan
5cdf01ff45d3d811cf77286c;I;keteledoran
5cdf01ff45d3d811cf77286d;I;kealpaan
5cdf01ff45d3d811cf77286e;I;sembarangan
5cdf01ff45d3d811cf77286f;I;sembrono
5cdf01ff45d3d811cf772870;I;malas
5cdf01ff45d3d811cf772871;I;sekira-kira
5cdf01ff45d3d811cf772872;I;gelagatnya
5cdf01ff45d3d811cf772873;I;beberapa
5cdf01ff45d3d811cf772874;I;kurang lebih
5cdf01ff45d3d811cf772875;I;rasa-rasanya
5cdf01ff45d3d811cf772876;I;lebih kurang
5cdf01ff45d3d811cf772877;I;barangkali
5cdf01ff45d3d811cf772878;I;agaknya
5cdf01ff45d3d811cf772879;I;terlupa
5cdf01ff45d3d811cf77287a;S;kerap-kerap
5cdf01ff45d3d811cf77287b;S;acap kali
5cdf01ff45d3d811cf77287c;S;sering
5cdf01ff45d3d811cf77287d;S;banyak
5cdf01ff45d3d811cf77287e;S;konvensional
5cdf01ff45d3d811cf77287f;S;reguler
5cdf01ff45d3d811cf772880;S;umum
5cdf01ff45d3d811cf772881;S;plural
5cdf01ff45d3d811cf772882;S;standar
5cdf01ff45d3d811cf772883;S;membiasakan
5cdf01ff45d3d811cf772884;S;lumrah
5cdf01ff45d3d811cf772885;S;wajar
5cdf01ff45d3d811cf772886;S;tipikal
5cdf01ff45d3d811cf772887;S;sebagai
5cdf01ff45d3d811cf772888;S;semestinya
5cdf01ff45d3d811cf772889;S;sepantasnya
5cdf01ff45d3d811cf77288a;S;fleksibel
5cdf01ff45d3d811cf77288b;S;elastis
5cdf01ff45d3d811cf77288c;S;simpel
5cdf01ff45d3d811cf77288d;S;fundamental
5cdf01ff45d3d811cf77288e;S;esensial
5cdf01ff45d3d811cf77288f;S;primer
5cdf01ff45d3d811cf772890;S;mendasar
5cdf01ff45d3d811cf772891;S;mudah
5cdf01ff45d3d811cf772892;S;swasta
5cdf01ff45d3d811cf772893;S;bajing loncat
5cdf01ff45d3d811cf772894;S;pemalak
5cdf01ff45d3d811cf772895;S;stereotip
5cdf01ff45d3d811cf772896;S;kaprah
5cdf01ff45d3d811cf772897;S;generik
5cdf01ff45d3d811cf772898;S;wajib
5cdf01ff45d3d811cf772899;S;badung
5cdf01ff45d3d811cf77289a;S;kapabel
5cdf01ff45d3d811cf77289b;S;bibir
5cdf01ff45d3d811cf77289c;S;ucap
5cdf01ff45d3d811cf77289d;S;serasi
5cdf01ff45d3d811cf77289e;S;ujar
5cdf01ff45d3d811cf77289f;S;tahu
5cdf01ff45d3d811cf7728a0;S;omong
5cdf01ff45d3d811cf7728a1;S;mahir
5cdf01ff45d3d811cf7728a2;S;ocehan
5cdf01ff45d3d811cf7728a3;S;becus
5cdf01ff45d3d811cf7728a4;S;bicara
5cdf01ff45d3d811cf7728a5;S;mampu
5cdf01ff45d3d811cf7728a6;S;berpengalaman
5cdf01ff45d3d811cf7728a7;S;kering
5cdf01ff45d3d811cf7728a8;S;literal
5cdf01ff45d3d811cf7728a9;S;penulis
5cdf01ff45d3d811cf7728aa;S;menjemukan
5cdf01ff45d3d811cf7728ab;S;membosankan
5cdf01ff45d3d811cf7728ac;S;beken
5cdf01ff45d3d811cf7728ad;S;mengakar
5cdf01ff45d3d811cf7728ae;S;tetap
5cdf01ff45d3d811cf7728af;S;utas
5cdf01ff45d3d811cf7728b0;S;sanggup
5cdf01ff45d3d811cf7728b1;S;besar akal
5cdf01ff45d3d811cf7728b2;S;spesialis
5cdf01ff45d3d811cf7728b3;S;berpendidikan
5cdf01ff45d3d811cf7728b4;S;tajam otak
5cdf01ff45d3d811cf7728b5;S;prigel
5cdf01ff45d3d811cf7728b6;S;berotak tajam
5cdf01ff45d3d811cf7728b7;S;terampil
5cdf01ff45d3d811cf7728b8;S;berilmu
5cdf01ff45d3d811cf7728b9;S;trengginas
5cdf01ff45d3d811cf7728ba;S;celaka
5cdf01ff45d3d811cf7728bb;S;jarang
5cdf01ff45d3d811cf7728bc;S;eksentrik
5cdf01ff45d3d811cf7728bd;S;aneh
5cdf01ff45d3d811cf7728be;S;transendental
5cdf01ff45d3d811cf7728bf;S;pelik
5cdf01ff45d3d811cf7728c0;S;guyub
5cdf01ff45d3d811cf7728c1;S;ganjil
5cdf01ff45d3d811cf7728c2;S;raib
5cdf01ff45d3d811cf7728c3;S;luar biasa
5cdf01ff45d3d811cf7728c4;S;awam
5cdf01ff45d3d811cf7728c5;S;pada umumnya
5cdf01ff45d3d811cf7728c6;S;terlalu banyak
5cdf01ff45d3d811cf7728c7;S;biasanya
5cdf01ff45d3d811cf7728c8;S;alamiah
5cdf01ff45d3d811cf7728c9;S;kerontang
5cdf01ff45d3d811cf7728ca;S;puas
5cdf01ff45d3d811cf7728cb;S;kenyang
5cdf01ff45d3d811cf7728cc;S;lugas
5cdf01ff45d3d811cf7728cd;S;sepele
5cdf01ff45d3d811cf7728ce;S;medium
5cdf01ff45d3d811cf7728cf;S;langsing
5cdf01ff45d3d811cf7728d0;S;terkadang
5cdf01ff45d3d811cf7728d1;S;selalu
5cdf01ff45d3d811cf7728d2;S;protokoler
5cdf01ff45d3d811cf7728d3;S;legal
5cdf01ff45d3d811cf7728d4;S;sahih
5cdf01ff45d3d811cf7728d5;S;halal
5cdf01ff45d3d811cf7728d6;S;seremonial
5cdf01ff45d3d811cf7728d7;S;bertertib
5cdf01ff45d3d811cf7728d8;S;harmonis
5cdf01ff45d3d811cf7728d9;S;ajek
5cdf01ff45d3d811cf7728da;S;berirama
5cdf01ff45d3d811cf7728db;S;rampak
5cdf01ff45d3d811cf7728dc;S;simetris
5cdf01ff45d3d811cf7728dd;S;periodik
5cdf01ff45d3d811cf7728de;S;melodius
5cdf01ff45d3d811cf7728df;S;wagu
5cdf01ff45d3d811cf7728e0;S;komunal
5cdf01ff45d3d811cf7728e1;S;universal
5cdf01ff45d3d811cf7728e2;S;dangkal
5cdf01ff45d3d811cf7728e3;S;primitif
5cdf01ff45d3d811cf7728e4;S;kasual
5cdf01ff45d3d811cf7728e5;S;simpleks
5cdf01ff45d3d811cf7728e6;S;raya
5cdf01ff45d3d811cf7728e7;S;massa
5cdf01ff45d3d811cf7728e8;S;sengaja
5cdf01ff45d3d811cf7728e9;S;kampiun
5cdf01ff45d3d811cf7728ea;S;cekatan
5cdf01ff45d3d811cf7728eb;S;derajat
5cdf01ff45d3d811cf7728ec;S;umbul-umbul
5cdf01ff45d3d811cf7728ed;S;tolok ukur
5cdf01ff45d3d811cf7728ee;S;panji-panji
5cdf01ff45d3d811cf7728ef;S;penumpu
5cdf01ff45d3d811cf7728f0;S;penongkat
5cdf01ff45d3d811cf7728f1;S;etiket
5cdf01ff45d3d811cf7728f2;S;barometer
5cdf01ff45d3d811cf7728f3;S;renyah
5cdf01ff45d3d811cf7728f4;S;takut
5cdf01ff45d3d811cf7728f5;S;khawatir
5cdf01ff45d3d811cf7728f6;S;gundah
5cdf01ff45d3d811cf7728f7;S;semak hati
5cdf01ff45d3d811cf7728f8;S;kepompong
5cdf01ff45d3d811cf7728f9;S;gilir-bergilir
5cdf01ff45d3d811cf7728fa;S;bergiliran
5cdf01ff45d3d811cf7728fb;S;sulang-menyulang
5cdf01ff45d3d811cf7728fc;S;berubah-ubah
5cdf01ff45d3d811cf7728fd;S;berangkai-rangkai
5cdf01ff45d3d811cf7728fe;S;bertukar-tukar
5cdf01ff45d3d811cf7728ff;S;bersalin-salin
5cdf01ff45d3d811cf772900;S;bersilih
5cdf01ff45d3d811cf772901;S;bergilir-gilir
5cdf01ff45d3d811cf772902;S;gonta-ganti
5cdf01ff45d3d811cf772903;S;berselang-seling
5cdf01ff45d3d811cf772904;S;memukul-mukul
5cdf01ff45d3d811cf772905;S;ragu-ragu
5cdf01ff45d3d811cf772906;S;hilang akal
5cdf01ff45d3d811cf772907;S;kacau
5cdf01ff45d3d811cf772908;S;sesat pusat
5cdf01ff45d3d811cf772909;S;kalang kabut
5cdf01ff45d3d811cf77290a;S;keraguan
5cdf01ff45d3d811cf77290b;S;ruwet
5cdf01ff45d3d811cf77290c;S;cerai-berai
5cdf01ff45d3d811cf77290d;S;berantakan
5cdf01ff45d3d811cf77290e;S;gado-gado
5cdf01ff45d3d811cf77290f;S;bertautan
5cdf01ff45d3d811cf772910;S;bongkar-bangkir
5cdf01ff45d3d811cf772911;S;berliku-liku
5cdf01ff45d3d811cf772912;S;simpang-siur
5cdf01ff45d3d811cf772913;S;awut-awutan
5cdf01ff45d3d811cf772914;S;rumit
5cdf01ff45d3d811cf772915;S;centang
5cdf01ff45d3d811cf772916;S;berambu-rambu
5cdf01ff45d3d811cf772917;S;terguncang
5cdf01ff45d3d811cf772918;S;bertanya-tanya
5cdf01ff45d3d811cf772919;S;pepet
5cdf01ff45d3d811cf77291a;S;kusut pikiran
5cdf01ff45d3d811cf77291b;S;berperang hati
5cdf01ff45d3d811cf77291c;S;putus akal
5cdf01ff45d3d811cf77291d;S;panik
5cdf01ff45d3d811cf77291e;S;dungu
5cdf01ff45d3d811cf77291f;S;segan
5cdf01ff45d3d811cf772920;S;berkecil hati
5cdf01ff45d3d811cf772921;S;menaruh dahsyat
5cdf01ff45d3d811cf772922;S;ciut
5cdf01ff45d3d811cf772923;S;praduga
5cdf01ff45d3d811cf772924;S;kesangsian
5cdf01ff45d3d811cf772925;S;prasangka
5cdf01ff45d3d811cf772926;S;sandang
5cdf01ff45d3d811cf772927;S;terselempang
5cdf01ff45d3d811cf772928;S;selimpang
5cdf01ff45d3d811cf772929;S;meragukan
5cdf01ff45d3d811cf77292a;S;berprasangka
5cdf01ff45d3d811cf77292b;S;menimbangi
5cdf01ff45d3d811cf77292c;S;membanding-banding
5cdf01ff45d3d811cf77292d;S;melawan
5cdf01ff45d3d811cf77292e;S;menyaingi
5cdf01ff45d3d811cf77292f;S;menyamai
5cdf01ff45d3d811cf772930;S;mengganjar
5cdf01ff45d3d811cf772931;S;timbang
5cdf01ff45d3d811cf772932;S;menandingi
5cdf01ff45d3d811cf772933;S;setimbang
5cdf01ff45d3d811cf772934;S;timbal
5cdf01ff45d3d811cf772935;S;mengembalikan
5cdf01ff45d3d811cf772936;S;berhati-hati
5cdf01ff45d3d811cf772937;S;keris
5cdf01ff45d3d811cf772938;S;tergoda
5cdf01ff45d3d811cf772939;S;menggoyahkan menggerakkan
5cdf01ff45d3d811cf77293a;S;terpengaruh
5cdf01ff45d3d811cf77293b;S;labil
5cdf01ff45d3d811cf77293c;S;menggoyangkan
5cdf01ff45d3d811cf77293d;S;mengoyak-oyak
5cdf01ff45d3d811cf77293e;S;gegar
5cdf01ff45d3d811cf77293f;S;ngeri
5cdf01ff45d3d811cf772940;S;getar
5cdf01ff45d3d811cf772941;S;gawat
5cdf01ff45d3d811cf772942;S;kurang percaya
5cdf01ff45d3d811cf772943;S;lamban
5cdf01ff45d3d811cf772944;S;lambat
5cdf01ff45d3d811cf772945;S;slebor
5cdf01ff45d3d811cf772946;S;gempar
5cdf01ff45d3d811cf772947;S;gaul
5cdf01ff45d3d811cf772948;S;acak-acakan
5cdf01ff45d3d811cf772949;S;ganggu
5cdf01ff45d3d811cf77294a;S;tidak keruan
5cdf01ff45d3d811cf77294b;S;gaduh
5cdf01ff45d3d811cf77294c;S;geger
5cdf01ff45d3d811cf77294d;S;campur aduk
5cdf01ff45d3d811cf77294e;S;heboh
5cdf01ff45d3d811cf77294f;S;kisruh
5cdf01ff45d3d811cf772950;S;terombang-ambing
5cdf01ff45d3d811cf772951;S;ribut
5cdf01ff45d3d811cf772952;S;bising
5cdf01ff45d3d811cf772953;S;pengang
5cdf01ff45d3d811cf772954;S;terputus-putus
5cdf01ff45d3d811cf772955;S;budek
5cdf01ff45d3d811cf772956;S;tersendat-sendat
5cdf01ff45d3d811cf772957;S;abstain
5cdf01ff45d3d811cf772958;S;mundur maju
5cdf01ff45d3d811cf772959;S;tergamam
5cdf01ff45d3d811cf77295a;S;tanggung-tanggung
5cdf01ff45d3d811cf77295b;S;teguh
5cdf01ff45d3d811cf77295c;S;bersekutu
5cdf01ff45d3d811cf77295d;S;berkawan
5cdf01ff45d3d811cf77295e;S;berbaikan
5cdf01ff45d3d811cf77295f;S;spaning
5cdf01ff45d3d811cf772960;S;regang
5cdf01ff45d3d811cf772961;S;kental
5cdf01ff45d3d811cf772962;S;kedekatan
5cdf01ff45d3d811cf772963;S;bangga
5cdf01ff45d3d811cf772964;S;canggih
5cdf01ff45d3d811cf772965;S;yahud
5cdf01ff45d3d811cf772966;S;jempolan
5cdf01ff45d3d811cf772967;S;fenomenal
5cdf01ff45d3d811cf772968;S;mengagumkan
5cdf01ff45d3d811cf772969;S;memuaskan
5cdf01ff45d3d811cf77296a;S;superior
5cdf01ff45d3d811cf77296b;S;hormat
5cdf01ff45d3d811cf77296c;S;hebring
5cdf01ff45d3d811cf77296d;S;menarik
5cdf01ff45d3d811cf77296e;S;mentereng
5cdf01ff45d3d811cf77296f;S;melekat
5cdf01ff45d3d811cf772970;S;menjelang
5cdf01ff45d3d811cf772971;S;susur
5cdf01ff45d3d811cf772972;S;hadapan
5cdf01ff45d3d811cf772973;S;hampir
5cdf01ff45d3d811cf772974;S;menempel
5cdf01ff45d3d811cf772975;S;dempet
5cdf01ff45d3d811cf772976;S;sebelah
5cdf01ff45d3d811cf772977;S;sekitar
5cdf01ff45d3d811cf772978;S;samping
5cdf01ff45d3d811cf772979;S;menegang
5cdf01ff45d3d811cf77297a;S;menajam
5cdf01ff45d3d811cf77297b;S;menghangat
5cdf01ff45d3d811cf77297c;S;menirus
5cdf01ff45d3d811cf77297d;S;meraut
5cdf01ff45d3d811cf77297e;S;memanas
5cdf01ff45d3d811cf77297f;S;menghebat
5cdf01ff45d3d811cf772980;S;palak
5cdf01ff45d3d811cf772981;S;krusial
5cdf01ff45d3d811cf772982;S;mendesak
5cdf01ff45d3d811cf772983;S;parah
5cdf01ff45d3d811cf772984;S;krisis
5cdf01ff45d3d811cf772985;S;genteng
5cdf01ff45d3d811cf772986;S;darurat
5cdf01ff45d3d811cf772987;S;kritis
5cdf01ff45d3d811cf772988;S;atap
5cdf01ff45d3d811cf772989;S;urgen
5cdf01ff45d3d811cf77298a;S;sempit
5cdf01ff45d3d811cf77298b;S;grapyak
5cdf01ff45d3d811cf77298c;S;familier
5cdf01ff45d3d811cf77298d;S;sangar
5cdf01ff45d3d811cf77298e;S;alot
5cdf01ff45d3d811cf77298f;S;lunak
5cdf01ff45d3d811cf772990;S;derai
5cdf01ff45d3d811cf772991;S;bebas
5cdf01ff45d3d811cf772992;S;rileks
5cdf01ff45d3d811cf772993;S;kalem
5cdf01ff45d3d811cf772994;S;swasembada
5cdf01ff45d3d811cf772995;S;leluasa
5cdf01ff45d3d811cf772996;S;cuma-cuma
5cdf01ff45d3d811cf772997;S;lolos
5cdf01ff45d3d811cf772998;S;longgar
5cdf01ff45d3d811cf772999;S;langgas
5cdf01ff45d3d811cf77299a;S;berlepas
5cdf01ff45d3d811cf77299b;S;merdeka
5cdf01ff45d3d811cf77299c;S;otonom
5cdf01ff45d3d811cf77299d;S;netral
5cdf01ff45d3d811cf77299e;S;gratis
5cdf01ff45d3d811cf77299f;S;berdikari
5cdf01ff45d3d811cf7729a0;S;mandiri
5cdf01ff45d3d811cf7729a1;S;luput
5cdf01ff45d3d811cf7729a2;S;permisif
5cdf01ff45d3d811cf7729a3;S;mengambil napas
5cdf01ff45d3d811cf7729a4;S;tepercaya
5cdf01ff45d3d811cf7729a5;S;kesentosaan
5cdf01ff45d3d811cf7729a6;S;kesejukan
5cdf01ff45d3d811cf7729a7;S;keenakan
5cdf01ff45d3d811cf7729a8;S;kenyamanan
5cdf01ff45d3d811cf7729a9;S;keselamatan
5cdf01ff45d3d811cf7729aa;S;ketentuan
5cdf01ff45d3d811cf7729ab;S;kesungguhan
5cdf01ff45d3d811cf7729ac;S;kepastian
5cdf01ff45d3d811cf7729ad;S;sumpah
5cdf01ff45d3d811cf7729ae;S;ketetapan hati
5cdf01ff45d3d811cf7729af;S;petaruh
5cdf01ff45d3d811cf7729b0;S;jaminan barang
5cdf01ff45d3d811cf7729b1;S;jagoan
5cdf01ff45d3d811cf7729b2;S;garansi
5cdf01ff45d3d811cf7729b3;S;cengkeram
5cdf01ff45d3d811cf7729b4;S;sandaran
5cdf01ff45d3d811cf7729b5;S;agunan
5cdf01ff45d3d811cf7729b6;S;gadai
5cdf01ff45d3d811cf7729b7;S;tanggungan
5cdf01ff45d3d811cf7729b8;S;tulang punggung
5cdf01ff45d3d811cf7729b9;S;ikutan
5cdf01ff45d3d811cf7729ba;S;turutan
5cdf01ff45d3d811cf7729bb;S;contoh
5cdf01ff45d3d811cf7729bc;S;pembantu
5cdf01ff45d3d811cf7729bd;S;pengapit
5cdf01ff45d3d811cf7729be;S;asisten
5cdf01ff45d3d811cf7729bf;S;pendamping
5cdf01ff45d3d811cf7729c0;S;berkala
5cdf01ff45d3d811cf7729c1;S;sreg
5cdf01ff45d3d811cf7729c2;S;selaras
5cdf01ff45d3d811cf7729c3;S;seimbang
5cdf01ff45d3d811cf7729c4;S;bersambung
5cdf01ff45d3d811cf7729c5;S;sinkron
5cdf01ff45d3d811cf7729c6;S;setaraf
5cdf01ff45d3d811cf7729c7;S;bersamaan
5cdf01ff45d3d811cf7729c8;S;berbetulan
5cdf01ff45d3d811cf7729c9;S;membetuli
5cdf01ff45d3d811cf7729ca;S;seperti
5cdf01ff45d3d811cf7729cb;S;setem
5cdf01ff45d3d811cf7729cc;S;sejalan
5cdf01ff45d3d811cf7729cd;S;semufakat
5cdf01ff45d3d811cf7729ce;S;bertimbal
5cdf01ff45d3d811cf7729cf;S;bersesuai
5cdf01ff45d3d811cf7729d0;S;bertemu
5cdf01ff45d3d811cf7729d1;S;seirama
5cdf01ff45d3d811cf7729d2;S;gatuk
5cdf01ff45d3d811cf7729d3;S;berpadanan
5cdf01ff45d3d811cf7729d4;S;setimpal
5cdf01ff45d3d811cf7729d5;S;berkenaan
5cdf01ff45d3d811cf7729d6;S;memadai
5cdf01ff45d3d811cf7729d7;S;beruntutan
5cdf01ff45d3d811cf7729d8;S;bertepatan
5cdf01ff45d3d811cf7729d9;S;bersesuaian
5cdf01ff45d3d811cf7729da;S;pengabdian
5cdf01ff45d3d811cf7729db;S;kepatihan
5cdf01ff45d3d811cf7729dc;S;ketundukan
5cdf01ff45d3d811cf7729dd;S;komitmen
5cdf01ff45d3d811cf7729de;S;mencarikan
5cdf01ff45d3d811cf7729df;S;meringankan
5cdf01ff45d3d811cf7729e0;S;mengakomodasi
5cdf01ff45d3d811cf7729e1;S;menghadapi
5cdf01ff45d3d811cf7729e2;S;menyokong
5cdf01ff45d3d811cf7729e3;S;menumpu
5cdf01ff45d3d811cf7729e4;S;menyangga
5cdf01ff45d3d811cf7729e5;S;menunjang
5cdf01ff45d3d811cf7729e6;S;membahu
5cdf01ff45d3d811cf7729e7;S;menggalang
5cdf01ff45d3d811cf7729e8;S;bopong
5cdf01ff45d3d811cf7729e9;S;gendong
5cdf01ff45d3d811cf7729ea;S;kondusif
5cdf01ff45d3d811cf7729eb;S;menggendong
5cdf01ff45d3d811cf7729ec;S;melandasi
5cdf01ff45d3d811cf7729ed;S;kontributif
5cdf01ff45d3d811cf7729ee;S;menjunjung
5cdf01ff45d3d811cf7729ef;S;mengangkat
5cdf01ff45d3d811cf7729f0;S;menanggung
5cdf01ff45d3d811cf7729f1;S;membopong
5cdf01ff45d3d811cf7729f2;S;menggotong
5cdf01ff45d3d811cf7729f3;S;memanggul
5cdf01ff45d3d811cf7729f4;S;menjulang
5cdf01ff45d3d811cf7729f5;S;memikul
5cdf01ff45d3d811cf7729f6;S;meniangpancangi
5cdf01ff45d3d811cf7729f7;S;menyepak
5cdf01ff45d3d811cf7729f8;S;menerjang
5cdf01ff45d3d811cf7729f9;S;menendang
5cdf01ff45d3d811cf7729fa;S;menubruk
5cdf01ff45d3d811cf7729fb;S;melandaskan
5cdf01ff45d3d811cf7729fc;S;mendinginkan
5cdf01ff45d3d811cf7729fd;S;menyegarkan
5cdf01ff45d3d811cf7729fe;S;meredakan
5cdf01ff45d3d811cf7729ff;S;menumbuk
5cdf01ff45d3d811cf772a00;S;merintangkan
5cdf01ff45d3d811cf772a01;S;melengah
5cdf01ff45d3d811cf772a02;S;meredai
5cdf01ff45d3d811cf772a03;S;mengurangkan
5cdf01ff45d3d811cf772a04;S;mengeluarkan
5cdf01ff45d3d811cf772a05;S;menyingkirkan
5cdf01ff45d3d811cf772a06;S;menahan
5cdf01ff45d3d811cf772a07;S;menyinggahkan
5cdf01ff45d3d811cf772a08;S;memberhentikan  melepas
5cdf01ff45d3d811cf772a09;S;memutuskan
5cdf01ff45d3d811cf772a0a;S;membantut
5cdf01ff45d3d811cf772a0b;S;mendiamkan
5cdf01ff45d3d811cf772a0c;S;melabuhkan
5cdf01ff45d3d811cf772a0d;S;menghentikan
5cdf01ff45d3d811cf772a0e;S;mengakhiri
5cdf01ff45d3d811cf772a0f;S;mendaratkan
5cdf01ff45d3d811cf772a10;S;menurunkan
5cdf01ff45d3d811cf772a11;S;membatalkan
5cdf01ff45d3d811cf772a12;S;jeda
5cdf01ff45d3d811cf772a13;S;menyetop
5cdf01ff45d3d811cf772a14;S;meninggalkan
5cdf01ff45d3d811cf772a15;S;meniadakan
5cdf01ff45d3d811cf772a16;S;mendepak
5cdf01ff45d3d811cf772a17;S;gawai
5cdf01ff45d3d811cf772a18;S;peranan
5cdf01ff45d3d811cf772a19;S;bersimpati
5cdf01ff45d3d811cf772a1a;S;bertenggang
5cdf01ff45d3d811cf772a1b;S;reformis
5cdf01ff45d3d811cf772a1c;S;adem
5cdf01ff45d3d811cf772a1d;S;tata cara
5cdf01ff45d3d811cf772a1e;S;sensitif
5cdf01ff45d3d811cf772a1f;S;kecil-kecil
5cdf01ff45d3d811cf772a20;S;lemas
5cdf01ff45d3d811cf772a21;S;estetis
5cdf01ff45d3d811cf772a22;S;mungil
5cdf01ff45d3d811cf772a23;S;betertib
5cdf01ff45d3d811cf772a24;S;berkemajuan
5cdf01ff45d3d811cf772a25;S;bermartabat
5cdf01ff45d3d811cf772a26;S;berdisiplin
5cdf01ff45d3d811cf772a27;S;tahu aturan
5cdf01ff45d3d811cf772a28;S;definitif
5cdf01ff45d3d811cf772a29;S;permanen
5cdf01ff45d3d811cf772a2a;S;stasioner
5cdf01ff45d3d811cf772a2b;S;patri
5cdf01ff45d3d811cf772a2c;S;berimbang
5cdf01ff45d3d811cf772a2d;S;penstabilan
5cdf01ff45d3d811cf772a2e;S;proporsi
5cdf01ff45d3d811cf772a2f;S;ekuilibrium
5cdf01ff45d3d811cf772a30;S;balans
5cdf01ff45d3d811cf772a31;S;kesetimbangan
5cdf01ff45d3d811cf772a32;S;mematung
5cdf01ff45d3d811cf772a33;S;stagnan
5cdf01ff45d3d811cf772a34;S;pasif
5cdf01ff45d3d811cf772a35;S;menarik langkah
5cdf01ff45d3d811cf772a36;S;susut
5cdf01ff45d3d811cf772a37;S;cair
5cdf01ff45d3d811cf772a38;S;padam
5cdf01ff45d3d811cf772a39;S;terjamin
5cdf01ff45d3d811cf772a3a;S;terlindung
5cdf01ff45d3d811cf772a3b;S;terjaga
5cdf01ff45d3d811cf772a3c;S;kompak
5cdf01ff45d3d811cf772a3d;S;terpampang
5cdf01ff45d3d811cf772a3e;S;bocor
5cdf01ff45d3d811cf772a3f;S;terbongkar
5cdf01ff45d3d811cf772a40;S;sibak
5cdf01ff45d3d811cf772a41;S;bentang
5cdf01ff45d3d811cf772a42;S;membuka
5cdf01ff45d3d811cf772a43;S;jarak
5cdf01ff45d3d811cf772a44;S;menganga
5cdf01ff45d3d811cf772a45;S;meruak
5cdf01ff45d3d811cf772a46;S;patroli
5cdf01ff45d3d811cf772a47;S;ronda
5cdf01ff45d3d811cf772a48;S;menunggui
5cdf01ff45d3d811cf772a49;S;kawal
5cdf01ff45d3d811cf772a4a;S;berkawal
5cdf01ff45d3d811cf772a4b;S;sambang
5cdf01ff45d3d811cf772a4c;S;rawat
5cdf01ff45d3d811cf772a4d;S;terbagi
5cdf01ff45d3d811cf772a4e;S;koyak
5cdf01ff45d3d811cf772a4f;S;robek
5cdf01ff45d3d811cf772a50;S;sigar
5cdf01ff45d3d811cf772a51;S;struktur
5cdf01ff45d3d811cf772a52;S;arsitektur
5cdf01ff45d3d811cf772a53;S;terungkap
5cdf01ff45d3d811cf772a54;S;tergerai
5cdf01ff45d3d811cf772a55;S;tersibak
5cdf01ff45d3d811cf772a56;S;terurai
